domain,bias_score,factually_questionable_flag,propaganda_flag,conspiracy_flag,hate_group_flag,satire_flag
100percentfedup.com,3,1,1,0,0,0
1010wins.radio.com,0,0,0,0,0,0
10news.one,3,1,0,0,1,0
12minutos.com,NaN,1,0,0,0,0
12news.com,0,0,0,0,0,0
180report.com,0,0,0,0,0,0
21stcenturywire.com,NaN,1,0,1,0,0
24ur.com,0,0,0,0,0,0
24wpn.com,3,1,0,0,0,0
2ndvote.com,2,0,0,0,0,0
369news.net,NaN,1,0,1,0,0
38north.org,0,0,0,0,0,0
3ccorp.net,3,1,0,0,0,0
680news.com,0,0,0,0,0,0
71republic.com,1,0,0,0,0,0
7news.com.au,1,0,0,0,0,0
911truth.org,3,1,0,1,0,0
972mag.com,-1,0,0,0,0,0
9news.com,0,0,0,0,0,0
9news.com.au,1,0,0,0,0,0
a1apac.org,2,0,0,0,0,0
aa.com.tr,3,0,1,0,0,0
aaas.org,0,0,0,0,0,0
aap.org,0,0,0,0,0,0
aawsat.com,1,0,0,0,0,0
abc.net.au,-1,0,0,0,0,0
abc11.com,-1,0,0,0,0,0
abc12.com,0,0,0,0,0,0
abcbusinessnews.com,3,1,0,0,0,0
abcnews.go.com,-1,0,0,0,0,0
abeldanger.org,3,1,0,1,0,0
abort73.com,2,0,0,0,0,0
abovethelaw.com,-1,0,0,0,0,0
abovetopsecret.com,3,1,0,1,0,0
abqjournal.com,1,0,0,0,0,0
ac2news.com,1,0,0,0,0,0
academia.org,2,0,0,0,0,0
aceflashman.wordpress.com,NaN,0,0,0,0,1
aceshowbiz.com,-1,0,0,0,0,0
achnews.org,-2,0,0,0,0,0
aclj.org,2,0,0,0,0,0
aclu.org,-1,0,0,0,0,0
acpeds.org,3,1,0,0,1,0
acsh.org,1,0,0,0,0,0
act.tv,-2,0,0,0,0,0
acting-man.com,2,0,0,0,0,0
actionnews3.com,NaN,1,0,0,0,0
activistmommy.com,3,1,0,0,0,0
activistpost.com,-3,1,0,1,0,0
adaa.org,0,0,0,0,0,0
adelaidenow.com.au,2,0,0,0,0,0
adflegal.org,3,1,0,0,1,0
adfontesmedia.com,0,0,0,0,0,0
adl.org,-1,0,0,0,0,0
adn.com,-1,0,0,0,0,0
adobochronicles.com,NaN,0,0,0,0,1
advocate.com,-2,0,0,0,0,0
adweek.com,0,0,0,0,0,0
ae911truth.org,NaN,1,0,1,0,0
aei.org,2,0,0,0,0,0
aeon.co,-1,0,0,0,0,0
afa.net,3,1,0,0,1,0
affinitymagazine.us,-1,0,0,0,0,0
afj.org,-2,0,0,0,0,0
afp.com,0,0,0,0,0,0
afpc.org,2,0,0,0,0,0
afr.com,1,0,0,0,0,0
africacheck.org,0,0,0,0,0,0
africanarguments.org,-1,0,0,0,0,0
africanews.com,0,0,0,0,0,0
africanexponent.com,-3,1,0,0,0,0
aftonbladet.se,-2,0,0,0,0,0
ageofautism.com,NaN,1,0,1,0,0
agerpres.ro,0,0,0,0,0,0
agweb.com,0,0,0,0,0,0
ahtribune.com,3,1,0,1,0,0
ahvalnews.com,-1,0,0,0,0,0
aidc.org.za,-2,0,0,0,0,0
aier.org,1,0,0,0,0,0
aim.org,2,0,0,0,0,0
aim4truth.org,3,1,0,1,0,0
aina.org,2,0,0,0,0,0
aip.org,0,0,0,0,0,0
airforcetimes.com,0,0,0,0,0,0
airspacemag.com,0,0,0,0,0,0
airwars.org,0,0,0,0,0,0
ajaonline.org,0,0,0,0,0,0
ajc.com,-1,0,0,0,0,0
ajph.aphapublications.org,0,0,0,0,0,0
ajplus.net,-2,0,0,0,0,0
ajuanews.com,3,1,0,0,0,0
al-monitor.com,-1,0,0,0,0,0
al-sura.com,-1,0,0,0,0,0
al.com,1,0,0,0,0,0
alaraby.co.uk,-1,0,0,0,0,0
albawaba.com,3,1,1,0,0,0
albertaviews.ca,-1,0,0,0,0,0
aldianews.com,-2,0,0,0,0,0
alec.org,2,0,0,0,0,0
aleteia.org,1,0,0,0,0,0
algemeiner.com,1,0,0,0,0,0
alhayat.com,-1,0,0,0,0,0
aljazeera.com,-1,0,0,0,0,0
allafrica.com,0,0,0,0,0,0
allgov.com,-1,0,0,0,0,0
allianceforadvancedhealth.com,NaN,1,0,1,0,0
allianceforscience.cornell.edu,0,0,0,0,0,0
alliedprogress.org,-1,0,0,0,0,0
allnewspipeline.com,3,1,1,0,0,0
almasdarnews.com,-1,0,0,0,0,0
alphanewsmn.com,3,1,0,0,0,0
alreporter.com,0,0,0,0,0,0
alternative-science.com,NaN,0,0,0,0,1
alternativelyfacts.com,NaN,0,0,0,0,1
alternativenews.com,3,1,0,1,0,0
alternet.org,-2,0,0,0,0,0
althealthworks.com,NaN,1,0,1,0,0
altnews.in,-2,0,0,0,0,0
altnewsmedia.net,2,0,0,0,0,0
altoday.com,0,0,0,0,0,0
altright.com,3,1,0,0,1,0
amac.us,2,0,0,0,0,0
amarillo.com,0,0,0,0,0,0
america.cgtn.com,-3,1,1,0,0,0
americablog.com,-2,0,0,0,0,0
americadaily.com,3,1,0,0,0,0
americamagazine.org,-1,0,0,0,0,0
americanactionforum.org,1,0,0,0,0,0
americanactionnews.com,3,1,0,0,0,0
americanaffairsjournal.org,1,0,0,0,0,0
americanbridgepac.org,-2,0,0,0,0,0
americanconsequences.com,2,0,0,0,0,0
americanconservativemedia.com,3,1,0,0,0,0
americandigitalnews.com,3,1,0,1,0,0
americanfirearms.org,1,0,0,0,0,0
americanfreepress.net,3,1,0,1,1,0
americanheritage.com,0,0,0,0,0,0
americanimmigrationcouncil.org,-1,0,0,0,0,0
americanindependent.com,-2,0,0,0,0,0
americanjournalreview.com,3,1,0,0,0,0
americanlibertyreport.com,2,0,0,0,0,0
americanlookout.com,3,1,1,0,0,0
americanmilitarynews.com,0,0,0,0,0,0
americanmind.org,2,0,0,0,0,0
americanoversight.org,-2,0,0,0,0,0
americanpatriotdaily.com,3,1,1,0,0,0
americanpressinstitute.org,0,0,0,0,0,0
americanprinciplesproject.org,3,1,0,0,1,0
americanprogress.org,-2,0,0,0,0,0
americanpublicmedia.org,-1,0,0,0,0,0
americansarepissed.com,3,1,0,0,0,0
americanscientist.org,0,0,0,0,0,0
americansforprosperity.org,2,0,0,0,0,0
americansfortruth.com,3,1,0,0,1,0
americanthinker.com,2,1,0,0,0,0
americantruthtoday.com,3,1,0,0,0,0
americarisingpac.org,2,0,0,0,0,0
americasfreedomfighters.com,3,1,1,0,0,0
americasnewssource.com,3,1,0,0,0,0
americasquarterly.org,1,0,0,0,0,0
americatalks.com,3,1,0,0,0,0
amgreatness.com,2,0,0,0,0,0
amimagazine.org,2,0,0,0,0,0
amityunderground.com,-3,1,0,0,0,0
ammoland.com,2,0,0,0,0,0
amnesty.org,-1,0,0,0,0,0
amny.com,-1,0,0,0,0,0
amren.com,3,1,1,0,1,0
amsterdamnews.com,-2,0,0,0,0,0
amtvmedia.com,3,1,0,1,0,0
analyzingamerica.org,3,1,0,0,0,0
ancient-code.com,NaN,1,0,1,0,0
ancient-origins.net,NaN,1,0,1,0,0
angrypatriotmovement.com,3,1,0,0,0,0
angrywhitemen.org,-2,0,0,0,0,0
angusreid.org,1,0,0,0,0,0
anh-usa.org,NaN,1,0,1,0,0
aninews.in,1,0,0,0,0,0
annistonstar.com,-1,0,0,0,0,0
anonews.co,-3,1,0,0,0,0
anonjekloy.tk,NaN,1,0,1,0,0
ansa.it,0,0,0,0,0,0
answersingenesis.org,NaN,1,0,1,0,0
anthropocenemagazine.org,-1,0,0,0,0,0
antifascistnews.net,-2,0,0,0,0,0
antiwar.com,1,0,0,0,0,0
anx.media,-2,0,0,0,0,0
aol.com,-1,0,0,0,0,0
apa.org,0,0,0,0,0,0
apmreports.org,-1,0,0,0,0,0
apnews.com,0,0,0,0,0,0
apost.com,NaN,1,0,1,0,0
app.com,-1,0,0,0,0,0
aps.org,0,0,0,0,0,0
apsa.org,0,0,0,0,0,0
aquinas.edu,-2,0,0,0,0,0
arabnews.com,3,1,0,0,0,0
aranews.net,-1,0,0,0,0,0
arcamax.com,1,0,0,0,0,0
arcdigital.media,0,0,0,0,0,0
archaeology-world.com,NaN,1,0,0,0,0
archaeology.org,0,0,0,0,0,0
areomagazine.com,-1,0,0,0,0,0
argusleader.com,1,0,0,0,0,0
arizonadailyindependent.com,2,0,0,0,0,0
arkansasonline.com,0,0,0,0,0,0
arktimes.com,-1,0,0,0,0,0
armscontrol.org,-1,0,0,0,0,0
armstrongeconomics.com,2,0,0,0,0,0
armytimes.com,0,0,0,0,0,0
arstechnica.com,0,0,0,0,0,0
asahi.com,-1,0,0,0,0,0
asia-pacificresearch.com,NaN,1,0,1,0,0
asia.nikkei.com,1,0,0,0,0,0
asiancorrespondent.com,-1,0,0,0,0,0
asianews.it,2,0,0,0,0,0
asiasentinel.com,-1,0,0,0,0,0
asiatimes.com,0,0,0,0,0,0
assassinationscience.com,NaN,1,0,1,0,0
astronomy.com,0,0,0,0,0,0
atlantablackstar.com,-1,0,0,0,0,0
atlanticcouncil.org,1,0,0,0,0,0
atlanticmedia.com,-1,0,0,0,0,0
atlasobscura.com,0,0,0,0,0,0
atlbanana.com,NaN,0,0,0,0,1
attn.com,-1,0,0,0,0,0
au.org,-2,0,0,0,0,0
auburnpub.com,0,0,0,0,0,0
austinchronicle.com,-2,0,0,0,0,0
austindailyherald.com,-1,0,0,0,0,0
australiannationalreview.com,NaN,1,0,1,0,0
autisminvestigated.com,NaN,1,0,1,0,0
autismspeaks.org,NaN,1,0,1,0,0
autisticadvocacy.org,0,0,0,0,0,0
autostraddle.com,-2,0,0,0,0,0
avclub.com,-1,0,0,0,0,0
avoiceformen.com,3,1,0,0,0,0
awarenessact.com,NaN,1,0,1,0,0
awazetribune.com,NaN,0,0,0,0,1
awdnews.com,NaN,1,0,1,0,0
awm.com,3,1,0,0,0,0
axiomnewsnetwork.com,2,0,0,0,0,0
axios.com,0,0,0,0,0,0
azcapitoltimes.com,0,0,0,0,0,0
azcentral.com,0,0,0,0,0,0
azdailysun.com,-1,0,0,0,0,0
azfamily.com,0,0,0,0,0,0
babylonbee.com,1,0,0,0,0,1
backchannel.com,-1,0,0,0,0,0
backroombuzz.com,3,1,0,0,0,0
badgerinstitute.org,2,0,0,0,0,0
balkaninsight.com,-1,0,0,0,0,0
ballotpedia.org,0,0,0,0,0,0
baltimoresun.com,-1,0,0,0,0,0
bangkokpost.com,0,0,0,0,0,0
bangordailynews.com,-1,0,0,0,0,0
bannedinformation.com,3,1,1,0,0,0
baptistnews.com,-1,0,0,0,0,0
barenakedislam.com,3,1,0,0,1,0
barnstablepatriot.com,0,0,0,0,0,0
barrons.com,1,0,0,0,0,0
basnews.com,-3,1,0,0,0,0
batimes.com.ar,1,0,0,0,0,0
battlecreekenquirer.com,-1,0,0,0,0,0
baxterbulletin.com,0,0,0,0,0,0
bb4sp.com,3,1,1,0,0,0
bbc.com,0,0,0,0,0,0
beaconjournal.com,-1,0,0,0,0,0
bearingarms.com,2,0,0,0,0,0
bearingdrift.com,2,0,0,0,0,0
beforeitsnews.com,3,1,0,0,0,0
beholdisrael.org,3,1,0,1,0,0
beinglibertarian.com,1,0,0,0,0,0
belfercenter.org,0,0,0,0,0,0
beliefnet.com,2,0,0,0,0,0
bellingcat.com,0,0,0,0,0,0
bellinghamherald.com,-1,0,0,0,0,0
berkeleyside.com,-1,0,0,0,0,0
berkshireeagle.com,-1,0,0,0,0,0
berlingske.dk,1,0,0,0,0,0
bestdailynews.info,3,1,0,0,0,0
betootaadvocate.com,NaN,0,0,0,0,1
bettergov.org,0,0,0,0,0,0
bgdailynews.com,-1,0,0,0,0,0
bigamericannews.com,NaN,0,0,0,0,1
biggovernment.news,3,1,0,1,0,0
bigleaguepolitics.com,3,1,1,0,0,0
bignewsnetwork.com,0,0,0,0,0,0
bigthink.com,0,0,0,0,0,0
bild.de,1,0,0,0,0,0
billingsgazette.com,1,0,0,0,0,0
billionbibles.org,3,1,1,0,1,0
billmoyers.com,-1,0,0,0,0,0
bing.com,-1,0,0,0,0,0
bio.org,0,0,0,0,0,0
biologos.org,3,1,0,1,0,0
biomedcentral.com,0,0,0,0,0,0
bipartisanpolicy.org,1,0,0,0,0,0
bipartisanreport.com,-3,1,0,0,0,0
birminghammail.co.uk,-1,0,0,0,0,0
bismarcktribune.com,0,0,0,0,0,0
bitchmedia.org,-2,0,0,0,0,0
bizpacreview.com,2,0,0,0,0,0
bizstandardnews.com,NaN,0,0,0,0,1
bjreview.com,-3,1,0,0,0,0
blabber.buzz,2,0,0,0,0,0
blackagendareport.com,-2,0,0,0,0,0
blackeyepolitics.com,3,1,0,0,0,0
blackgenocide.org,3,1,1,0,1,0
blacklistednews.com,NaN,1,0,1,0,0
blacklivesmatter.com,-2,0,0,0,0,0
blackpigeonspeaks.com,3,1,0,0,1,0
bleacherreport.com,-1,0,0,0,0,0
bleepingcomputer.com,0,0,0,0,0,0
blingnews.com,3,1,0,0,0,0
bloodandsoil.org,3,1,0,0,1,0
bloomberg.com,-1,0,0,0,0,0
bluedotdaily.com,-3,1,0,0,0,0
bluenewsnetwork.com,NaN,0,0,0,0,1
bluestatedaily.com,-2,0,0,0,0,0
bluestemprairie.com,-1,0,0,0,0,0
bluevirginia.us,-2,0,0,0,0,0
bluntforcetruth.com,3,1,0,0,0,0
bmj.com,0,0,0,0,0,0
bnd.com,0,0,0,0,0,0
bnonews.com,0,0,0,0,0,0
boingboing.net,-2,0,0,0,0,0
bongino.com,3,1,0,0,0,0
bossip.com,-3,1,0,0,0,0
boston.cbslocal.com,-1,0,0,0,0,0
boston.com,-1,0,0,0,0,0
bostonglobe.com,-1,0,0,0,0,0
bostonherald.com,1,0,0,0,0,0
bostonreview.net,-2,0,0,0,0,0
boundingintocomics.com,2,0,0,0,0,0
bozemandailychronicle.com,0,0,0,0,0,0
bradford-delong.com,-2,0,0,0,0,0
bramptonguardian.com,-1,0,0,0,0,0
breaking911.com,NaN,1,0,0,0,0
breakingburgh.com,NaN,0,0,0,0,1
breakingdefense.com,1,0,0,0,0,0
breakingnews247.net,NaN,1,0,0,0,0
breakingnewshouse.com,3,1,0,0,0,0
breitbart.com,2,1,0,0,0,0
brennancenter.org,-1,0,0,0,0,0
brexitcentral.com,2,0,0,0,0,0
bridgemi.com,0,0,0,0,0,0
brightside.me,3,1,0,1,0,0
bringmethenews.com,0,0,0,0,0,0
britainfirst.org,3,1,0,0,1,0
brookings.edu,-1,0,0,0,0,0
brownsvilleherald.com,-1,0,0,0,0,0
bt.dk,1,0,0,0,0,0
budapestbeacon.com,-1,0,0,0,0,0
buffalochronicle.com,3,1,0,0,0,0
buffalonews.com,-1,0,0,0,0,0
bullshido.net,0,0,0,0,0,0
bullshitnews.org,NaN,0,0,0,0,1
burnettcountysentinel.com,0,0,0,0,0,0
burrardstreetjournal.com,NaN,0,0,0,0,1
business.financialpost.com,1,0,0,0,0,0
business2community.com,0,0,0,0,0,0
businessinsider.com,0,0,0,0,0,0
businesslive.co.za,1,0,0,0,0,0
bust.com,-2,0,0,0,0,0
bustatroll.org,NaN,0,0,0,0,1
bustle.com,-1,0,0,0,0,0
buzzfeednews.com,-2,0,0,0,0,0
buzzsawpolitics.com,2,0,0,0,0,0
c-span.org,0,0,0,0,0,0
c4ads.org,-1,0,0,0,0,0
c4ss.org,-2,0,0,0,0,0
ca-political.com,2,0,0,0,0,0
cadizrecord.com,-1,0,0,0,0,0
cair.com,3,1,0,0,0,0
caldronpool.com,3,1,1,0,0,0
calgaryherald.com,1,0,0,0,0,0
calgarysun.com,2,0,0,0,0,0
californiaglobe.com,1,0,0,0,0,0
caller.com,-1,0,0,0,0,0
callthecops.net,NaN,0,0,0,0,1
calmatters.org,0,0,0,0,0,0
calwatchdog.com,0,0,0,0,0,0
campaignforliberty.org,1,0,0,0,0,0
campaignlifecoalition.com,2,0,0,0,0,0
campusreform.org,2,0,0,0,0,0
canadafactcheck.ca,-2,0,0,0,0,0
canadafreepress.com,3,1,1,0,0,0
canadalandshow.com,-1,0,0,0,0,0
canadiandimension.com,-2,0,0,0,0,0
canadians.org,-1,0,0,0,0,0
canyoncountryzephyr.com,-2,0,0,0,0,0
cap-news.com,NaN,1,0,0,0,0
capecodtimes.com,0,0,0,0,0,0
capitalandmain.com,-2,0,0,0,0,0
capitalgazette.com,-1,0,0,0,0,0
capitalismmagazine.com,1,0,0,0,0,0
capitalresearch.org,2,0,0,0,0,0
capitolfax.com,0,0,0,0,0,0
capoliticalreview.com,1,0,0,0,0,0
care2.com,-2,0,0,0,0,0
carepublican.com,2,0,0,0,0,0
caribbeanlifenews.com,-1,0,0,0,0,0
carm.org,3,1,0,1,0,0
carnegieendowment.org,-1,0,0,0,0,0
carolinapublicpress.org,-1,0,0,0,0,0
castanet.net,0,0,0,0,0,0
catchnews.com,-1,0,0,0,0,0
catholic.org,3,1,0,1,0,0
cato.org,1,0,0,0,0,0
cbc.ca,-1,0,0,0,0,0
cbn.com,2,1,0,1,0,0
cbo.gov,0,0,0,0,0,0
cbpp.org,-1,0,0,0,0,0
cbs12.com,1,0,0,0,0,0
cbsnews.com,-1,0,0,0,0,0
cc.org,2,0,0,0,0,0
ccn.com,1,0,0,0,0,0
cdc.gov,0,0,0,0,0,0
cdt.org,0,0,0,0,0,0
ced.org,0,0,0,0,0,0
cei.org,3,1,0,0,0,0
celebtricity.com,NaN,0,0,0,0,1
centerforinquiry.org,-1,0,0,0,0,0
centerforsecuritypolicy.org,3,1,0,0,1,0
centralkynews.com,-1,0,0,0,0,0
centre-view.com,-1,0,0,0,0,0
cepr.net,-1,0,0,0,0,0
cernovich.com,3,1,0,0,0,0
cfact.org,3,1,0,1,0,0
cfr.org,0,0,0,0,0,0
cftni.org,1,0,0,0,0,0
cgdev.org,-1,0,0,0,0,0
change.org,-2,0,0,0,0,0
channel4.com,-1,0,0,0,0,0
channelnewsasia.com,0,0,0,0,0,0
charismanews.com,3,1,0,1,0,0
charitynavigator.org,0,0,0,0,0,0
charlotteobserver.com,-1,0,0,0,0,0
chaser.com.au,NaN,0,0,0,0,1
checkpointasia.net,3,1,1,0,0,0
checkyourfact.com,1,0,0,0,0,0
cheddar.com,0,0,0,0,0,0
chicago.suntimes.com,-1,0,0,0,0,0
chicagodaily.pro,3,1,1,0,0,0
chicagoreader.com,-2,0,0,0,0,0
chicagoreporter.com,-2,0,0,0,0,0
chicagotribune.com,0,0,0,0,0,0
chicksonright.com,2,0,0,0,0,0
childrenshealthdefense.org,NaN,1,1,1,0,0
china.org.cn,-3,0,1,0,0,0
chinaafricaproject.com,-1,0,0,0,0,0
chinadaily.com.cn,-3,1,1,0,0,0
chinapost.com.tw,0,0,0,0,0,0
chinookobserver.com,0,0,0,0,0,0
christianaction.org,3,1,0,0,1,0
christianheadlines.com,2,0,0,0,0,0
christianitytoday.com,1,0,0,0,0,0
christiannewsalerts.com,2,0,0,0,0,0
christianpost.com,2,0,0,0,0,0
christianscience.com,3,1,0,1,0,0
christiantoday.com,2,0,0,0,0,0
chronicle.augusta.com,1,0,0,0,0,0
chronicle.com,0,0,0,0,0,0
chronicle.su,NaN,0,0,0,0,1
chroniclesmagazine.org,2,0,0,0,0,0
chroniclesofdemocracy.com,-2,0,0,0,0,0
churchmilitant.com,3,1,0,0,1,0
cincinnati.com,0,0,0,0,0,0
citizen-times.com,-1,0,0,0,0,0
citizen.co.za,1,0,0,0,0,0
citizen.org,-1,0,0,0,0,0
citizencritics.org,-2,0,0,0,0,0
citizenfreepress.com,2,0,0,0,0,0
citizensforethics.org,-1,0,0,0,0,0
citizensunited.org,2,0,0,0,0,0
citizentruth.org,-1,0,0,0,0,0
city-journal.org,2,0,0,0,0,0
cityandstateny.com,0,0,0,0,0,0
citypages.com,-1,0,0,0,0,0
civictribune.com,NaN,0,0,0,0,1
civilbeat.org,0,0,0,0,0,0
cjnews.com,1,0,0,0,0,0
cjonline.com,1,0,0,0,0,0
cjr.org,0,0,0,0,0,0
claremont.org,2,0,0,0,0,0
clarionproject.org,3,1,0,0,1,0
clashdaily.com,3,1,0,0,1,0
cleantechnica.com,-1,0,0,0,0,0
cleveland.com,-1,0,0,0,0,0
clickhole.com,NaN,0,0,0,0,1
climateactiontracker.org,0,0,0,0,0,0
climatecentral.org,0,0,0,0,0,0
climatechangedispatch.com,NaN,1,0,1,0,0
climatedepot.com,3,1,0,1,0,0
climatefeedback.org,0,0,0,0,0,0
climaterealityproject.org,-2,0,0,0,0,0
climatescienceinternational.org,NaN,1,0,1,0,0
climatesciencewatch.org,0,0,0,0,0,0
climatism.blog,3,1,0,1,0,0
cloverchronicle.com,3,1,0,0,0,0
cnas.org,-1,0,0,0,0,0
cnbc.com,0,0,0,0,0,0
cnet.com,0,0,0,0,0,0
cnn.com,-1,0,0,0,0,0
cnsnews.com,2,1,1,0,0,0
coasttocoastam.com,NaN,1,0,1,0,0
cochrane.org,0,0,0,0,0,0
codepink.org,-2,0,0,0,0,0
colddeadhands.us,2,0,0,0,0,0
collective-evolution.com,NaN,1,0,1,0,0
colombiareports.com,-1,0,0,0,0,0
coloradosun.com,-1,0,0,0,0,0
columbiadailyherald.com,1,0,0,0,0,0
columbusfreepress.com,-2,0,0,0,0,0
comicsands.com,-2,0,0,0,0,0
commdiginews.com,2,0,0,0,0,0
commentarymagazine.com,2,0,0,0,0,0
commercialappeal.com,0,0,0,0,0,0
commoncause.org,-1,0,0,0,0,0
commondreams.org,-2,0,0,0,0,0
commonwealmagazine.org,-1,0,0,0,0,0
commonwealthfund.org,-1,0,0,0,0,0
concernedwomen.org,3,1,0,0,1,0
concordmonitor.com,0,0,0,0,0,0
confederacyofdrones.com,NaN,0,0,0,0,1
congress.gov,0,0,0,0,0,0
consciouslifenews.com,3,1,0,1,0,0
conservapedia.com,3,1,0,0,0,0
conservativeammo.com,3,1,0,0,0,0
conservativebase.com,2,0,0,0,0,0
conservativebuzz.com,3,1,0,0,0,0
conservativebyte.com,3,1,0,0,0,0
conservativedailynews.com,2,0,0,0,0,0
conservativedailypost.com,3,1,0,0,0,0
conservativefighters.com,3,1,0,0,0,0
conservativefiringline.com,3,1,1,0,0,0
conservativefreepress.com,3,1,0,0,0,0
conservativehq.com,2,0,0,0,0,0
conservativeinstitute.org,2,0,0,0,0,0
conservativemedia.com,3,1,0,0,0,0
conservativeopinion.com,2,0,0,0,0,0
conservativepapers.com,3,1,0,0,0,0
conservativepost.com,3,1,0,0,0,0
conservativereview.com,2,0,0,0,0,0
conservativetoday.com,2,0,0,0,0,0
conservativewoman.co.uk,2,0,0,0,0,0
consortiumnews.com,-1,0,0,0,0,0
conspiracydailyupdate.com,3,1,0,1,0,0
constitutioncenter.org,0,0,0,0,0,0
constitutionproject.org,-1,0,0,0,0,0
consumerist.com,0,0,0,0,0,0
consumerlab.com,0,0,0,0,0,0
consumerreports.org,0,0,0,0,0,0
contrailscience.com,0,0,0,0,0,0
cookpolitical.com,0,0,0,0,0,0
copblock.org,-2,0,0,0,0,0
corbettreport.com,3,1,0,1,0,0
coronavirus.gov,0,0,0,0,0,0
corriere.it,0,0,0,0,0,0
cosmicintelligenceagency.com,NaN,1,0,1,0,0
cosmopolitan.com,-2,0,0,0,0,0
cosmosmagazine.com,0,0,0,0,0,0
councilforthenationalinterest.org,-1,0,0,0,0,0
countable.us,0,0,0,0,0,0
countdowntozerotime.com,NaN,1,0,1,0,0
countercurrents.org,-2,0,0,0,0,0
counterpunch.org,-2,0,0,0,0,0
courant.com,-1,0,0,0,0,0
courier-journal.com,-1,0,0,0,0,0
courier-tribune.com,0,0,0,0,0,0
couriermail.com.au,1,0,0,0,0,0
courthousenews.com,0,0,0,0,0,0
covidtracking.com,0,0,0,0,0,0
cowgernation.com,2,0,0,0,0,0
cp24.com,0,0,0,0,0,0
cpac.ca,0,0,0,0,0,0
cpj.org,0,0,0,0,0,0
cracked.com,NaN,0,0,0,0,1
creation.com,NaN,1,0,1,0,0
creationwiki.org,3,1,0,1,0,0
credoaction.com,-1,0,0,0,0,0
crfb.org,1,0,0,0,0,0
crikey.com.au,-2,0,0,0,0,0
crimeola.com,0,0,0,0,0,0
crimeresearch.org,2,0,0,0,0,0
crimethinc.com,-2,0,0,0,0,0
crisisgroup.org,-1,0,0,0,0,0
crisismagazine.com,2,0,0,0,0,0
crooked.com,-2,0,0,0,0,0
crooksandliars.com,-2,0,0,0,0,0
crosscut.com,-1,0,0,0,0,0
crowdpac.com,0,0,0,0,0,0
csglobe.com,3,1,0,1,0,0
csicop.org,0,0,0,0,0,0
csis.org,0,0,0,0,0,0
csmonitor.com,0,0,0,0,0,0
ctj.org,-1,0,0,0,0,0
ctmirror.org,-1,0,0,0,0,0
ctpost.com,-1,0,0,0,0,0
ctvnews.ca,0,0,0,0,0,0
cuindependent.com,0,0,0,0,0,0
cumberlink.com,0,0,0,0,0,0
curiosity.com,0,0,0,0,0,0
curiousmindmagazine.com,3,1,0,1,0,0
currentaffairs.org,-2,0,0,0,0,0
curvemag.com,-2,0,0,0,0,0
daily-chronicle.com,0,0,0,0,0,0
daily-journal.com,0,0,0,0,0,0
daily.jstor.org,0,0,0,0,0,0
daily49er.com,-2,0,0,0,0,0
dailybulletin.com,0,0,0,0,0,0
dailybuzzlive.com,NaN,1,0,0,0,0
dailycaller.com,2,0,0,0,0,0
dailycardinal.com,0,0,0,0,0,0
dailyclimate.org,-1,0,0,0,0,0
dailydiscord.com,NaN,0,0,0,0,1
dailydot.com,-2,0,0,0,0,0
dailygazette.com,0,0,0,0,0,0
dailygrail.com,NaN,1,0,1,0,0
dailyheadlines.net,3,1,0,0,0,0
dailyhealthpost.com,NaN,1,0,1,0,0
dailyherald.com,1,0,0,0,0,0
dailyhive.com,-1,0,0,0,0,0
dailyjournalonline.com,0,0,0,0,0,0
dailykos.com,-2,0,0,0,0,0
dailymail.co.uk,2,1,0,0,0,0
dailymaverick.co.za,0,0,0,0,0,0
dailynews.com,0,0,0,0,0,0
dailynewsbin.com,-2,0,0,0,0,0
dailynorthwestern.com,0,0,0,0,0,0
dailyo.in,1,0,0,0,0,0
dailyoccupation.com,NaN,1,0,1,0,0
dailypoliticalnewswire.com,3,1,0,0,0,0
dailypress.com,1,0,0,0,0,0
dailyprogress.com,0,0,0,0,0,0
dailyrecord.co.uk,-2,0,0,0,0,0
dailyrecord.com,0,0,0,0,0,0
dailysignal.com,2,0,0,0,0,0
dailysnark.com,NaN,0,0,0,0,1
dailysoundandfury.com,-2,0,0,0,0,0
dailysquib.co.uk,NaN,0,0,0,0,1
dailystar.co.uk,3,1,0,0,0,0
dailystormer.name,3,1,0,0,1,0
dailysurge.com,2,0,0,0,0,0
dailytargum.com,-1,0,0,0,0,0
dailytarheel.com,-1,0,0,0,0,0
dailytelegraph.com.au,2,0,0,0,0,0
dailytorch.com,2,0,0,0,0,0
dailywire.com,2,0,0,0,0,0
dailyworldupdate.us,NaN,0,0,0,0,1
dallasnews.com,0,0,0,0,0,0
dallasvoice.com,-2,0,0,0,0,0
daltondailycitizen.com,1,0,0,0,0,0
dandygoat.com,NaN,0,0,0,0,1
darientimes.com,0,0,0,0,0,0
darkjournalist.com,NaN,1,0,1,0,0
davidicke.com,3,1,0,1,0,0
davidwolfe.com,NaN,1,0,1,0,0
dawn.com,-1,0,0,0,0,0
daytondailynews.com,0,0,0,0,0,0
dc-chronicle.com,2,0,0,0,0,0
dcalert.com,3,1,0,0,0,0
dcbluedot.com,-3,1,0,0,0,0
dccircuitbreaker.org,0,0,0,0,0,0
dcclothesline.com,3,1,0,0,0,0
dcdirtylaundry.com,3,1,0,0,0,0
dcreport.org,-1,0,0,0,0,0
dcstatesman.com,2,0,0,0,0,0
dcwhispers.com,2,0,0,0,0,0
deadline.com,-1,0,0,0,0,0
deadspin.com,-2,0,0,0,0,0
deadstate.org,-2,0,0,0,0,0
deathandtaxesmag.com,-2,0,0,0,0,0
debatepost.com,2,0,0,0,0,0
debka.com,3,1,0,0,0,0
debunkingdenialism.com,-1,0,0,0,0,0
debunkingskeptics.com,NaN,1,0,1,0,0
deccanchronicle.com,1,0,0,0,0,0
deccanherald.com,-1,0,0,0,0,0
deepleftfield.info,-3,1,0,0,0,0
deepsouthvoice.com,-2,0,0,0,0,0
defconwarningsystem.com,0,0,0,0,0,0
defenddemocracy.org,2,0,0,0,0,0
defendevropa.org,3,1,0,0,1,0
defensemaven.io,2,0,0,0,0,0
defensenews.com,0,0,0,0,0,0
defenseone.com,0,0,0,0,0,0
defiantamerica.com,3,1,0,0,0,0
delawareonline.com,-1,0,0,0,0,0
delcotimes.com,-1,0,0,0,0,0
delrionewsherald.com,0,0,0,0,0,0
democracy21.org,-1,0,0,0,0,0
democracychronicles.org,-2,0,0,0,0,0
democracyguardian.com,-2,0,0,0,0,0
democracynow.org,-2,0,0,0,0,0
democratandchronicle.com,-1,0,0,0,0,0
democratherald.com,0,0,0,0,0,0
democratichub.com,-2,0,0,0,0,0
democraticunderground.com,-2,0,0,0,0,0
democrats.org,-3,1,0,0,0,0
demos.org,-1,0,0,0,0,0
dentonrc.com,0,0,0,0,0,0
denverpost.com,-1,0,0,0,0,0
deplorablekel.com,3,1,0,0,0,0
derfmagazine.com,NaN,0,0,0,0,1
deseret.com,1,0,0,0,0,0
deseretnews.com,1,0,0,0,0,0
desertsun.com,0,0,0,0,0,0
deshabhimani.com,-2,0,0,0,0,0
desmogblog.com,-2,0,0,0,0,0
desmoinesregister.com,0,0,0,0,0,0
detroitnews.com,0,0,0,0,0,0
differencebetween.net,0,0,0,0,0,0
digg.com,-1,0,0,0,0,0
digifection.com,3,1,0,0,0,0
digitaljournal.com,0,0,0,0,0,0
diplomaticourier.com,0,0,0,0,0,0
diply.com,-1,0,0,0,0,0
disclose.tv,NaN,1,0,1,0,0
discovermagazine.com,0,0,0,0,0,0
discoverthenetworks.org,3,1,0,0,1,0
discovery.org,NaN,1,0,1,0,0
discoverytheword.com,-3,1,0,0,0,0
disobedientmedia.com,NaN,1,0,1,0,0
dispatch.com,1,0,0,0,0,0
dissentmagazine.org,-2,0,0,0,0,0
diversityinc.com,-1,0,0,0,0,0
dmlnews.com,2,0,0,0,0,0
doctoroz.com,NaN,1,0,1,0,0
doctorswithoutborders.org,0,0,0,0,0,0
doubtfulnews.com,0,0,0,0,0,0
downsizinggovernment.org,1,0,0,0,0,0
downtrend.com,3,1,0,0,0,0
dpa-international.com,0,0,0,0,0,0
draxe.com,NaN,1,0,1,0,0
drudge.com,-2,0,0,0,0,0
drudgereport.com,1,0,0,0,0,0
duffelblog.com,NaN,0,0,0,0,1
duhprogressive.com,NaN,0,0,0,0,1
dukechronicle.com,0,0,0,0,0,0
duluthnewstribune.com,0,0,0,0,0,0
durangoherald.com,1,0,0,0,0,0
dutchdailynews.com,-1,0,0,0,0,0
dutchreview.com,-1,0,0,0,0,0
dworkinreport.com,-2,0,0,0,0,0
eaglerising.com,3,1,0,0,0,0
eagletribune.com,0,0,0,0,0,0
earthfirstjournal.org,-2,0,0,0,0,0
earthjustice.org,-1,0,0,0,0,0
earthmagazine.org,0,0,0,0,0,0
earthpulse.com,NaN,1,0,1,0,0
earthsky.org,0,0,0,0,0,0
eastbaytimes.com,-1,0,0,0,0,0
ebar.com,-2,0,0,0,0,0
ecfr.eu,-1,0,0,0,0,0
ecology.news,NaN,1,0,1,0,0
econofact.org,-1,0,0,0,0,0
economicpolicyjournal.com,2,0,0,0,0,0
economicshelp.org,-1,0,0,0,0,0
economictimes.indiatimes.com,3,1,0,0,0,0
economist.com,0,0,0,0,0,0
ecowatch.com,-2,0,0,0,0,0
edge.org,0,0,0,0,0,0
edition.cnn.com,-2,0,0,0,0,0
edmontonjournal.com,1,0,0,0,0,0
edmontonsun.com,1,0,0,0,0,0
educate-yourself.org,3,1,0,1,0,0
educateinspirechange.org,NaN,1,0,1,0,0
eff.org,-1,0,0,0,0,0
egbertowillies.com,-2,0,0,0,0,0
egyptianstreets.com,-1,0,0,0,0,0
egypttoday.com,2,0,0,0,0,0
ejinsight.com,0,0,0,0,0,0
electoral-vote.com,-2,0,0,0,0,0
electronicintifada.net,-2,0,0,0,0,0
elisabethparker.com,-2,0,0,0,0,0
elitedaily.com,-2,0,0,0,0,0
elkharttruth.com,1,0,0,0,0,0
elnuevodia.com,0,0,0,0,0,0
elpais.com,-1,0,0,0,0,0
elpasotimes.com,-1,0,0,0,0,0
eluxemagazine.com,NaN,1,0,1,0,0
emirates247.com,3,1,1,0,0,0
empirenews.net,NaN,0,0,0,0,1
empiresports.co,NaN,0,0,0,0,1
emptywheel.net,-1,0,0,0,0,0
en-volve.com,3,1,1,0,0,0
en.bbarta24.net,0,0,0,0,0,0
en.farsnews.com,-3,1,1,0,0,0
en.hawarnews.org,-3,1,1,0,0,0
en.mehrnews.com,3,1,1,0,0,0
en.mercopress.com,0,0,0,0,0,0
en.metapedia.org,3,1,0,0,0,0
en.newsner.com,NaN,1,0,0,0,0
en.radiovaticana.va,3,1,0,0,0,0
en.wikinews.org,0,0,0,0,0,0
encyclopediadramatica.rs,NaN,0,0,0,0,1
endthefed.org,3,1,0,0,0,0
endtimeheadlines.org,NaN,1,0,1,0,0
enduringvision.com,NaN,0,0,0,0,1
energycitizens.org,2,0,0,0,0,0
eng.majalla.com,3,1,1,0,0,0
engadget.com,-1,0,0,0,0,0
english.ahram.org.eg,1,0,0,0,0,0
english.alarabiya.net,3,1,1,0,0,0
epi.org,-1,0,0,0,0,0
epnewsleader.com,2,0,0,0,0,0
eppc.org,1,0,0,0,0,0
eptrail.com,0,0,0,0,0,0
erlc.com,2,0,0,0,0,0
erraticus.co,0,0,0,0,0,0
escapeallthesethings.com,NaN,1,0,1,0,0
esquire.com,-2,0,0,0,0,0
euobserver.com,-1,0,0,0,0,0
euractiv.com,-1,0,0,0,0,0
eurasiagroup.net,-1,0,0,0,0,0
eurasiareview.com,0,0,0,0,0,0
eurekalert.org,0,0,0,0,0,0
euronews.com,0,0,0,0,0,0
eutimes.net,NaN,1,0,1,0,0
eveningharold.com,NaN,0,0,0,0,1
everycrsreport.com,0,0,0,0,0,0
everydayfeminism.com,-2,0,0,0,0,0
everydayhealth.com,0,0,0,0,0,0
everytownresearch.org,-3,1,0,0,0,0
evil.news,3,1,0,0,0,0
evolutionnews.org,NaN,1,0,1,0,0
evonomics.com,-2,0,0,0,0,0
ew.com,-1,0,0,0,0,0
ewao.com,NaN,1,0,1,0,0
ewg.org,NaN,1,0,1,0,0
examine.com,0,0,0,0,0,0
explainlife.com,3,1,1,0,0,0
exposinggovernment.com,3,1,0,0,0,0
exposingtruth.com,-1,0,0,0,0,0
express.co.uk,2,0,0,0,0,0
expressen.se,1,0,0,0,0,0
expressnews.com,-1,0,0,0,0,0
extranewsfeed.com,-2,0,0,0,0,0
eyeofthetiber.com,NaN,0,0,0,0,1
factcheck.org,0,0,0,0,0,0
factcheckingturkey.com,3,1,1,0,0,0
factmyth.com,-1,0,0,0,0,0
factsandlogic.org,2,0,0,0,0,0
factscan.ca,0,0,0,0,0,0
factswanted.com,3,1,0,0,0,0
factwire.org,0,0,0,0,0,0
fair.org,-1,0,0,0,0,0
fairobserver.com,0,0,0,0,0,0
fairus.org,3,1,0,0,1,0
fairvote.org,-1,0,0,0,0,0
faithfamilyamerica.com,1,0,0,0,0,0
faithpanda.com,NaN,1,0,1,0,0
faithwire.com,2,0,0,0,0,0
fakehatecrimes.org,3,0,0,0,1,0
fakenewscodex.com,0,0,0,0,0,0
familysurvivalheadlines.com,NaN,1,0,1,0,0
farleftwatch.com,2,0,0,0,0,0
fas.org,0,0,0,0,0,0
fashthenation.com,3,1,0,0,1,0
fastcompany.com,-1,0,0,0,0,0
fbherald.com,1,0,0,0,0,0
fbnewscycle.com,3,1,0,0,0,0
fcnp.com,-2,0,0,0,0,0
federalistpress.com,3,1,0,0,0,0
federalnewsnetwork.com,0,0,0,0,0,0
federaltimes.com,0,0,0,0,0,0
fedsoc.org,2,0,0,0,0,0
fee.org,1,0,0,0,0,0
fellowshipoftheminds.com,NaN,1,0,1,0,0
feministcurrent.com,-2,0,0,0,0,0
feministfrequency.com,-1,0,0,0,0,0
feministing.com,-2,0,0,0,0,0
ff.org,2,0,0,0,0,0
ff911truthandunity.org,NaN,1,0,1,0,0
ffrf.org,-2,0,0,0,0,0
fibrohealthnews.com,3,1,0,0,0,0
fifthestate.org,-2,0,0,0,0,0
fightforthefuture.org,-1,0,0,0,0,0
fightpp.org,2,0,0,0,0,0
filmingcops.com,-3,1,0,0,0,0
financialexpress.com,1,0,0,0,0,0
firearmsnews.com,1,0,0,0,0,0
firstcoastnews.com,0,0,0,0,0,0
firstdraftnews.org,0,0,0,0,0,0
firstinfreedomdaily.com,2,0,0,0,0,0
firstpost.com,1,0,0,0,0,0
firstthings.com,2,0,0,0,0,0
fitsnews.com,1,0,0,0,0,0
fivethirtyeight.com,0,0,0,0,0,0
flagandcross.com,3,1,0,0,0,0
flake.news,NaN,0,0,0,0,1
fmobserver.com,NaN,0,0,0,0,1
focusonthefamily.com,3,1,0,0,1,0
focustaiwan.tw,-1,0,0,0,0,0
followthemoney.org,0,0,0,0,0,0
foodandwaterwatch.org,-2,0,0,0,0,0
foodbabe.com,NaN,1,0,1,0,0
foodmatters.com,NaN,1,0,1,0,0
forbes.com,0,0,0,0,0,0
foreignaffairs.com,0,0,0,0,0,0
foreignpolicy.com,0,0,0,0,0,0
foreignpolicyi.org,1,0,0,0,0,0
foreignpolicyjournal.com,-2,0,0,0,0,0
foreignpolicynews.org,-2,0,0,0,0,0
foreverconscious.com,NaN,1,0,1,0,0
fortherightnews.com,3,1,1,0,0,0
fortnightlyreview.co.uk,1,0,0,0,0,0
fortune.com,0,0,0,0,0,0
forward.com,-1,0,0,0,0,0
fosters.com,0,0,0,0,0,0
fox29.com,0,0,0,0,0,0
fox35orlando.com,0,0,0,0,0,0
foxbusiness.com,1,0,0,0,0,0
foxnews.com,2,0,0,0,0,0
fpif.org,-1,0,0,0,0,0
fpri.org,1,0,0,0,0,0
france24.com,0,0,0,0,0,0
francetvinfo.fr,-1,0,0,0,0,0
franklincenterhq.org,1,0,0,0,0,0
frankmag.ca,NaN,0,0,0,0,1
fraserinstitute.org,1,0,0,0,0,0
frc.org,3,1,0,0,1,0
freakonomics.com,-1,0,0,0,0,0
freebeacon.com,2,0,0,0,0,0
freedomadvocates.org,3,1,0,1,0,0
freedomainradio.com,3,1,0,1,0,0
freedomalliance.org,1,0,0,0,0,0
freedomandprosperity.org,2,0,0,0,0,0
freedomcrossroads.com,2,0,0,0,0,0
freedomhouse.org,1,0,0,0,0,0
freedomnews.org.uk,-2,0,0,0,0,0
freedomnewsreport.com,3,1,0,0,0,0
freedomproject.com,3,1,0,0,0,0
freedomworks.org,2,0,0,0,0,0
freep.com,-1,0,0,0,0,0
freepress.org,-2,0,0,0,0,0
freerepublic.com,2,0,0,0,0,0
freespeech.org,-2,0,0,0,0,0
freetelegraph.com,3,1,1,0,0,0
freewestmedia.com,2,0,0,0,0,0
freewheelus.com,0,0,0,0,0,0
fresnobee.com,-1,0,0,0,0,0
friendsofscience.org,NaN,1,0,1,0,0
frnewsreport.com,-2,0,0,0,0,0
fromthetrenchesworldreport.com,3,1,0,1,0,0
front.moveon.org,-3,1,0,0,0,0
frontiersin.org,0,0,0,0,0,0
frontpagelive.com,-2,0,0,0,0,0
frontpagemag.com,2,1,0,0,1,0
ft.com,0,0,0,0,0,0
fullfact.org,0,0,0,0,0,0
fusion.tv,-1,0,0,0,0,0
futurism.com,0,0,0,0,0,0
fwweekly.com,-1,0,0,0,0,0
g-a-i.org,2,0,0,0,0,0
gainesville.com,0,0,0,0,0,0
gao.gov,0,0,0,0,0,0
gatestoneinstitute.org,3,1,0,0,1,0
gawken.com,NaN,0,0,0,0,1
gaystarnews.com,-1,0,0,0,0,0
gazette.com,1,0,0,0,0,0
gazettenet.com,-1,0,0,0,0,0
gbtimes.com,0,0,0,0,0,0
geek.com,0,0,0,0,0,0
gellerreport.com,3,1,0,0,1,0
genengnews.com,0,0,0,0,0,0
geneticliteracyproject.org,0,0,0,0,0,0
geoengineeringwatch.org,NaN,1,0,1,0,0
geologyin.com,NaN,1,0,0,0,0
geopolitics.co,NaN,1,0,1,0,0
geopoliticsalert.com,-2,0,0,0,0,0
getholistichealth.com,NaN,1,0,1,0,0
getreligion.org,2,0,0,0,0,0
ghionjournal.com,-2,0,0,0,0,0
ghost.report,3,1,1,0,0,0
girlsjustwannahaveguns.com,3,1,0,0,0,0
gishgallop.com,NaN,0,0,0,0,1
gizmodo.com,-2,0,0,0,0,0
glamour.com,-1,0,0,0,0,0
globalcitizen.org,-1,0,0,0,0,0
globalhealingcenter.com,NaN,1,0,1,0,0
globalinfotoday.com,3,1,0,0,0,0
globalintegrity.org,0,0,0,0,0,0
globalnews.ca,-1,0,0,0,0,0
globalrealnews.com,-1,0,0,0,0,0
globalresearch.ca,NaN,1,0,1,0,0
globalriskinsights.com,-1,0,0,0,0,0
globalskywatch.com,NaN,1,0,1,0,0
globalslaveryindex.org,0,0,0,0,0,0
globaltimes.cn,-3,1,1,0,0,0
globalvoices.org,-2,0,0,0,0,0
globegazette.com,0,0,0,0,0,0
globemagazine.com,NaN,1,0,0,0,0
gmwatch.org,NaN,1,0,1,0,0
gnews.org,3,1,0,0,0,0
godandscience.org,NaN,1,0,1,0,0
godfatherpolitics.com,3,1,0,0,0,0
godlikeproductions.com,NaN,1,0,1,0,0
goerie.com,0,0,0,0,0,0
gomerblog.com,NaN,0,0,0,0,1
good.is,-2,0,0,0,0,0
goodgopher.com,3,1,0,0,0,0
goodnewsnetwork.org,0,0,0,0,0,0
goop.com,NaN,0,0,0,0,0
gop.com,3,1,0,0,0,0
gop.gov,3,1,0,0,0,0
gopusa.com,2,0,0,0,0,0
gothamist.com,-1,0,0,0,0,0
gotquestions.org,NaN,1,0,1,0,0
governing.com,-1,0,0,0,0,0
govexec.com,-1,0,0,0,0,0
govtrack.us,0,0,0,0,0,0
govtslaves.com,NaN,1,0,1,0,0
gp.se,1,0,0,0,0,0
gq.com,-2,0,0,0,0,0
grainoftruth.ca,3,1,0,0,1,0
greanvillepost.com,NaN,1,0,1,0,0
greatamericandaily.com,3,1,0,0,0,0
greatamericanpolitics.com,2,0,0,0,0,0
greatamericanrepublic.com,3,1,0,0,0,0
greatfallstribune.com,0,0,0,0,0,0
greeleytribune.com,1,0,0,0,0,0
greenbaypressgazette.com,0,0,0,0,0,0
greenleft.org.au,-2,0,0,0,0,0
greenmedinfo.com,NaN,1,0,1,0,0
greenpeace.org,-3,1,0,1,0,0
greensboro.com,-1,0,0,0,0,0
greentechmedia.com,-1,0,0,0,0,0
greenvillegazette.com,-2,0,0,0,0,0
greenvilleonline.com,0,0,0,0,0,0
grist.org,-1,0,0,0,0,0
gritpost.com,-2,0,0,0,0,0
group30.org,0,0,0,0,0,0
grunge.com,NaN,1,0,0,0,0
guampdn.com,0,0,0,0,0,0
guardianlv.com,-2,0,0,0,0,0
gulagbound.com,3,1,0,1,0,0
gulfnews.com,3,1,0,0,0,0
guns.com,1,0,0,0,0,0
gunviolencearchive.org,-1,0,0,0,0,0
guttmacher.org,-1,0,0,0,0,0
haaretz.com,-2,0,0,0,0,0
haarp.net,3,1,0,1,0,0
halfwaypost.com,NaN,0,0,0,0,1
hamptonroadsmessenger.com,0,0,0,0,0,0
hanfordsentinel.com,0,0,0,0,0,0
hangthebankers.com,3,1,0,0,0,0
hannity.com,3,1,0,0,0,0
harddawn.com,NaN,0,0,0,0,1
harpers.org,-1,0,0,0,0,0
harvardpolitics.com,-1,0,0,0,0,0
hastingstribune.com,0,0,0,0,0,0
hbr.org,0,0,0,0,0,0
hbswk.hbs.edu,-1,0,0,0,0,0
hcn.org,-1,0,0,0,0,0
headlinennews.com,NaN,0,0,0,0,1
headtopics.com,-3,1,0,0,0,0
healingoracle.ch,NaN,1,0,1,0,0
healio.com,0,0,0,0,0,0
health.com,-1,0,0,0,0,0
healthaffairs.org,0,0,0,0,0,0
healthcarefinancenews.com,0,0,0,0,0,0
healthfeedback.org,0,0,0,0,0,0
healthimpactnews.com,NaN,1,0,1,0,0
healthline.com,0,0,0,0,0,0
healthnutnews.com,NaN,1,0,1,0,0
healthy-holistic-living.com,NaN,1,0,1,0,0
healthyandnaturalworld.com,NaN,1,0,1,0,0
healthyfoodhouse.com,NaN,1,0,1,0,0
healthyway.com,-1,0,0,0,0,0
heartland.org,3,1,1,0,0,0
heatst.com,2,0,0,0,0,0
heavy.com,0,0,0,0,0,0
helenair.com,0,0,0,0,0,0
hellochristian.com,3,1,0,1,0,0
helvidius.org,-1,0,0,0,0,0
herald-dispatch.com,0,0,0,0,0,0
herald-review.com,0,0,0,0,0,0
heralddemocrat.com,-2,0,0,0,0,0
heraldnet.com,-1,0,0,0,0,0
heraldnews.com,0,0,0,0,0,0
heraldonline.com,-1,0,0,0,0,0
heraldsun.com,0,0,0,0,0,0
heraldsun.com.au,1,0,0,0,0,0
heraldtribune.com,0,0,0,0,0,0
heritage.org,2,0,0,0,0,0
hermancain.com,2,0,0,0,0,0
heterodoxacademy.org,1,0,0,0,0,0
higherperspectives.com,NaN,1,0,1,0,0
highline.huffingtonpost.com,-1,0,0,0,0,0
hillarybeattrump.org,NaN,0,0,0,0,1
hillreporter.com,-2,0,0,0,0,0
hindustantimes.com,-1,0,0,0,0,0
historynewsnetwork.org,-1,0,0,0,0,0
hoax-slayer.net,0,0,0,0,0,0
hoggwatch.com,3,1,0,0,0,0
hollywoodreporter.com,-1,0,0,0,0,0
home.nra.org,3,1,0,0,0,0
homelandsecuritynewswire.com,0,0,0,0,0,0
honestreporting.com,1,0,0,0,0,0
hoover.org,1,0,0,0,0,0
hopkinsmedicine.org,0,0,0,0,0,0
host.madison.com,0,0,0,0,0,0
hotair.com,2,0,0,0,0,0
house.gov,0,0,0,0,0,0
houstonchronicle.com,0,0,0,0,0,0
howstuffworks.com,0,0,0,0,0,0
howtogeek.com,0,0,0,0,0,0
hpenews.com,1,0,0,0,0,0
hrc.org,-2,0,0,0,0,0
hrw.org,-1,0,0,0,0,0
hs.fi,-1,0,0,0,0,0
hsionline.com,NaN,1,0,1,0,0
hudson.org,2,0,0,0,0,0
huffingtonpost.com,-2,0,0,0,0,0
huffpost.com,-2,0,0,0,0,0
humanevents.com,2,0,0,0,0,0
humanium.org,-1,0,0,0,0,0
humanprogress.org,1,0,0,0,0,0
humansarefree.com,NaN,1,0,1,0,0
hurriyet.com.tr,3,0,1,0,0,0
huzlers.com,NaN,0,0,0,0,1
i24news.tv,0,0,0,0,0,0
ibleedredwhiteblue.com,2,0,0,0,0,0
ibtimes.com,0,0,0,0,0,0
iceagenow.info,NaN,1,0,1,0,0
icenews.is,-1,0,0,0,0,0
icij.org,0,0,0,0,0,0
icitizen.com,0,0,0,0,0,0
icr.org,NaN,1,0,1,0,0
icrw.org,-1,0,0,0,0,0
idahostatesman.com,0,0,0,0,0,0
idsnews.com,0,0,0,0,0,0
iea.org,0,0,0,0,0,0
ifamericaknew.org,-1,0,0,0,0,0
iflscience.com,NaN,1,0,1,0,0
ifstudies.org,2,0,0,0,0,0
iharare.com,-3,1,0,0,0,0
ihatethemedia.com,3,1,0,0,1,0
ihealthtube.com,NaN,1,0,1,0,0
iheartintelligence.com,NaN,1,0,1,0,0
ihr.org,3,1,0,0,1,0
ihypocrite.net,3,1,1,0,1,0
ijr.com,2,0,0,0,0,0
ijreview.com,1,0,0,0,0,0
illegalaliencrimereport.com,3,1,1,0,0,0
illicitinfo.com,3,1,0,0,0,0
illinoispolicy.org,2,0,0,0,0,0
illuminatiwatcher.com,NaN,1,0,1,0,0
ilovemyfreedom.org,3,1,0,0,0,0
imao.us,NaN,0,0,0,0,1
imediaethics.org,0,0,0,0,0,0
imeu.org,-1,0,0,0,0,0
imowired.com,3,1,0,0,0,0
imprimis.hillsdale.edu,2,0,0,0,0,0
inacow.com,2,0,0,0,0,0
inc.com,0,0,0,0,0,0
independent.co.uk,-1,0,0,0,0,0
independent.com,-1,0,0,0,0,0
independent.ie,1,0,0,0,0,0
independent.org,1,0,0,0,0,0
independentaustralia.net,-1,0,0,0,0,0
independentmail.com,0,0,0,0,0,0
independentsciencenews.org,NaN,1,0,1,0,0
independentsentinel.com,2,0,0,0,0,0
indexmundi.com,0,0,0,0,0,0
india.com,1,0,0,0,0,0
indianexpress.com,-1,0,0,0,0,0
indiatimes.com,1,0,0,0,0,0
indiatoday.intoday.in,0,0,0,0,0,0
indypendent.org,-2,0,0,0,0,0
indystar.com,0,0,0,0,0,0
indyweek.com,-1,0,0,0,0,0
inequalitymedia.org,-2,0,0,0,0,0
inews.co.uk,-1,0,0,0,0,0
infiniteunknown.net,NaN,1,0,1,0,0
influencewatch.org,2,0,0,0,0,0
infobae.com,-1,0,0,0,0,0
infogalactic.com,3,1,0,0,0,0
informationclearinghouse.info,NaN,1,0,1,0,0
informationliberation.com,3,1,0,0,0,0
inforum.com,1,0,0,0,0,0
infoscum.com,-3,1,0,0,0,0
infowars.com,2,1,0,1,0,0
inhomelandsecurity.com,1,0,0,0,0,0
inquirer.com,-1,0,0,0,0,0
inquirer.net,-1,0,0,0,0,0
inquisitr.com,-1,0,0,0,0,0
insideclimatenews.org,-1,0,0,0,0,0
insideedition.com,-1,0,0,0,0,0
insidehighered.com,-1,0,0,0,0,0
insidephilanthropy.com,-1,0,0,0,0,0
insider.com,-1,0,0,0,0,0
insidescience.org,0,0,0,0,0,0
insidesources.com,1,0,0,0,0,0
intellectualtakeout.org,2,0,0,0,0,0
intellihub.com,NaN,1,0,1,0,0
international.thenewslens.com,1,0,0,0,0,0
internationalpolicy.org,-1,0,0,0,0,0
internationalviewpoint.org,-2,0,0,0,0,0
interpretermag.com,-1,0,0,0,0,0
inthesetimes.com,-2,0,0,0,0,0
intrepidreport.com,-2,0,0,0,0,0
inverse.com,-1,0,0,0,0,0
investigaterussia.org,-1,0,0,0,0,0
investmentwatchblog.com,NaN,1,0,1,0,0
investopedia.com,0,0,0,0,0,0
investors.com,2,0,0,0,0,0
iop.org,0,0,0,0,0,0
iowaclimate.org,NaN,1,0,1,0,0
iowastartingline.com,-2,0,0,0,0,0
ipatriot.com,2,0,0,0,0,0
ipi.media,0,0,0,0,0,0
ipolitics.ca,-1,0,0,0,0,0
ips-dc.org,-2,0,0,0,0,0
ire.org,0,0,0,0,0,0
irena.org,0,0,0,0,0,0
irinnews.org,-1,0,0,0,0,0
irishtimes.com,-1,0,0,0,0,0
irrawaddy.com,-1,0,0,0,0,0
ispp.org,0,0,0,0,0,0
israelhayom.com,1,0,0,0,0,0
israelislamandendtimes.com,NaN,1,0,1,0,0
israelnationalnews.com,1,0,0,0,0,0
israelvideonetwork.com,3,1,0,0,0,0
issues.org,0,0,0,0,0,0
itep.org,-1,0,0,0,0,0
itsgoingdown.org,-2,0,0,0,0,0
itv.com,1,0,0,0,0,0
ivn.us,0,0,0,0,0,0
iwf.org,2,0,0,0,0,0
iwpr.org,0,0,0,0,0,0
jacksonfreepress.com,-1,0,0,0,0,0
jacksonsun.com,0,0,0,0,0,0
jacksonville.com,0,0,0,0,0,0
jacobinmag.com,-2,0,0,0,0,0
jamestown.org,0,0,0,0,0,0
janes.com,0,0,0,0,0,0
japantimes.co.jp,0,0,0,0,0,0
japantoday.com,-1,0,0,0,0,0
jeffereyjaxen.com,NaN,1,0,1,0,0
jesus-is-savior.com,3,1,0,1,0,0
jesusdaily.com,3,1,0,1,0,0
jewishbreakingnews.com,1,0,0,0,0,0
jewishjournal.com,1,0,0,0,0,0
jewishpolicycenter.org,2,0,0,0,0,0
jewishpress.com,1,0,0,0,0,0
jewishworldreview.com,2,0,0,0,0,0
jezebel.com,-2,0,0,0,0,0
jihadica.com,-1,0,0,0,0,0
jns.org,1,0,0,0,0,0
joeforamerica.com,3,1,1,0,0,0
jointcenter.org,-1,0,0,0,0,0
jordantimes.com,0,0,0,0,0,0
journal.frontiersin.org,0,0,0,0,0,0
journalgazette.net,0,0,0,0,0,0
journalistsresource.org,0,0,0,0,0,0
journalnow.com,0,0,0,0,0,0
journals.sagepub.com,0,0,0,0,0,0
journalstandard.com,0,0,0,0,0,0
journalstar.com,0,0,0,0,0,0
jpost.com,1,0,0,0,0,0
jsonline.com,-1,0,0,0,0,0
jstor.org,0,0,0,0,0,0
jta.org,0,0,0,0,0,0
juancole.com,-2,0,0,0,0,0
jubileemedia.com,0,0,0,0,0,0
judicialnetwork.com,2,0,0,0,0,0
judicialwatch.org,2,1,0,0,0,0
judithcurry.com,3,1,0,1,0,0
junkscience.com,NaN,1,0,1,0,0
justfacts.com,1,0,0,0,0,0
justfacts.votesmart.org,0,0,0,0,0,0
justfactsdaily.com,1,0,0,0,0,0
justicedenied.org,0,0,0,0,0,0
justsecurity.org,-1,0,0,0,0,0
justthefacts.org,3,1,1,0,0,0
justthenews.com,1,0,0,0,0,0
kait8.com,0,0,0,0,0,0
kalw.org,0,0,0,0,0,0
kansas.com,1,0,0,0,0,0
kansascity.com,-1,0,0,0,0,0
kansaspolicy.org,2,0,0,0,0,0
kcna.kp,-3,1,1,0,0,0
kdvr.com,0,0,0,0,0,0
kentucky.com,-1,0,0,0,0,0
kff.org,0,0,0,0,0,0
kfor.com,0,0,0,0,0,0
kmov.com,-1,0,0,0,0,0
knightfoundation.org,-1,0,0,0,0,0
knightstemplarinternational.com,3,1,0,0,1,0
knowherenews.com,0,0,0,0,0,0
knowyourmeme.com,0,0,0,0,0,0
knoxnews.com,0,0,0,0,0,0
koco.com,-1,0,0,0,0,0
koreaherald.com,0,0,0,0,0,0
koreatimes.co.kr,-1,0,0,0,0,0
kotaku.com,-1,0,0,0,0,0
kqed.org,0,0,0,0,0,0
ksl.com,2,0,0,0,0,0
ktla.com,0,0,0,0,0,0
ktuu.com,0,0,0,0,0,0
ktva.com,0,0,0,0,0,0
kuow.org,-1,0,0,0,0,0
kurdistan24.net,-1,0,0,0,0,0
kutv.com,1,0,0,0,0,0
kyivpost.com,-1,0,0,0,0,0
laconiadailysun.com,-1,0,0,0,0,0
ladbible.com,NaN,1,0,0,0,0
ladylibertysnews.com,3,1,0,0,0,0
lamag.com,-1,0,0,0,0,0
lansingstatejournal.com,0,0,0,0,0,0
lapresse.ca,-1,0,0,0,0,0
larknews.com,NaN,0,0,0,0,1
larouchepac.com,3,1,0,1,0,0
lastampa.it,-1,0,0,0,0,0
lastdeplorables.com,3,1,0,0,0,0
lastresistance.com,3,1,0,0,0,0
lasvegassun.com,-1,0,0,0,0,0
latest.com,-2,0,0,0,0,0
latimes.com,-1,0,0,0,0,0
latino.foxnews.com,2,0,0,0,0,0
latintimes.com,-1,0,0,0,0,0
latitudes.org,NaN,1,0,1,0,0
lavendermagazine.com,-2,0,0,0,0,0
law.com,0,0,0,0,0,0
law360.com,0,0,0,0,0,0
laweekly.com,-2,0,0,0,0,0
lawenforcementtoday.com,2,0,0,0,0,0
lawfareblog.com,0,0,0,0,0,0
lbc.co.uk,1,0,0,0,0,0
lcsun-news.com,0,0,0,0,0,0
ldnews.com,0,0,0,0,0,0
leaderpost.com,1,0,0,0,0,0
leadertelegram.com,0,0,0,0,0,0
leadstories.com,0,0,0,0,0,0
learnliberty.org,1,0,0,0,0,0
learntherisk.org,NaN,1,0,1,0,0
ledevoir.com,0,0,0,0,0,0
leesburgtoday.com,1,0,0,0,0,0
leftaction.com,-3,1,1,0,0,0
leftexposed.org,3,1,0,0,0,0
leftfootforward.org,-2,0,0,0,0,0
leftjustified.com,-1,0,0,0,0,0
leftoverrights.com,-2,0,0,0,0,0
leftscoop.com,-2,0,0,0,0,0
leftvoice.org,-2,0,0,0,0,0
legalinsurrection.com,2,0,0,0,0,0
legitgov.org,3,1,0,1,0,0
legorafi.fr,NaN,0,0,0,0,1
lehighvalleylive.com,-1,0,0,0,0,0
leicestermercury.co.uk,1,0,0,0,0,0
lethbridgeherald.com,-1,0,0,0,0,0
lewrockwell.com,3,1,0,0,0,0
lexingtoninstitute.org,1,0,0,0,0,0
lfpress.com,1,0,0,0,0,0
lgbtqnation.com,-2,0,0,0,0,0
libcom.org,-2,0,0,0,0,0
liberalamerica.org,-2,0,0,0,0,0
liberalbias.com,NaN,0,0,0,0,1
liberaldarkness.com,NaN,0,0,0,0,1
liberalexaminer.com,-2,0,0,0,0,0
liberalmountain.com,-1,0,0,0,0,0
liberalsociety.com,-3,1,0,0,0,0
liberalspeak.com,-3,1,1,0,0,0
liberationnews.org,-2,0,0,0,0,0
libertarianism.org,1,0,0,0,0,0
libertyhangout.org,2,0,0,0,0,0
libertyheadlines.com,2,0,0,0,0,0
libertyisviral.com,3,1,0,0,0,0
libertynation.com,2,0,0,0,0,0
libertynews.com,2,0,0,0,0,0
libertytalk.fm,2,0,0,0,0,0
libertyunyielding.com,2,0,0,0,0,0
libertyvideos.org,NaN,1,0,1,0,0
libertywritersnews.com,3,1,1,0,0,0
lifehacker.com,0,0,0,0,0,0
lifenews.com,2,0,0,0,0,0
lifespa.com,NaN,1,0,1,0,0
lifezette.com,2,0,0,0,0,0
limacharlienews.com,0,0,0,0,0,0
listverse.com,1,0,0,0,0,0
littlegreenfootballs.com,-2,0,0,0,0,0
liveaction.org,3,1,0,1,0,0
liveactionnews.org,1,0,0,0,0,0
liveleak.com,-1,0,0,0,0,0
livescience.com,0,0,0,0,0,0
livestrong.com,NaN,1,0,1,0,0
livingwhole.org,NaN,1,0,1,0,0
lmtonline.com,1,0,0,0,0,0
lohud.com,-1,0,0,0,0,0
lompocrecord.com,0,0,0,0,0,0
londonwebnews.com,-3,1,0,0,0,0
loneconservative.com,2,0,0,0,0,0
longwarjournal.org,1,0,0,0,0,0
loonwatch.com,-3,1,0,0,0,0
loser.com,-3,1,0,0,0,0
louderwithcrowder.com,2,0,0,0,0,0
lozierinstitute.org,2,0,0,0,0,0
lucianne.com,3,1,0,0,0,0
lyincomey.com,2,0,0,0,0,0
lynx.media,1,0,0,0,0,0
mackinac.org,1,0,0,0,0,0
macleans.ca,-1,0,0,0,0,0
macon.com,0,0,0,0,0,0
madamericannetwork.com,3,1,1,0,0,0
madhousemagazine.com,NaN,0,0,0,0,1
madworldnews.com,3,1,0,0,0,0
maga2020.us,NaN,1,0,0,0,0
magadailyreport.com,3,1,0,0,0,0
magapill.com,3,1,0,0,0,0
magavoter.com,3,1,0,0,0,0
magazine.atavist.com,-1,0,0,0,0,0
magicvalley.com,0,0,0,0,0,0
mainebeacon.com,-1,0,0,0,0,0
mainichi.jp,-1,0,0,0,0,0
makeuseof.com,0,0,0,0,0,0
malaysia-today.net,1,0,0,0,0,0
malaysiakini.com,-1,0,0,0,0,0
manhattan-institute.org,2,0,0,0,0,0
manilatimes.net,1,0,0,0,0,0
maplight.org,-1,0,0,0,0,0
marginalrevolution.com,1,0,0,0,0,0
marketwatch.com,1,0,0,0,0,0
martinlutherking.org,3,1,0,0,1,0
marxist.com,-2,0,0,0,0,0
mashable.com,-2,0,0,0,0,0
masslive.com,0,0,0,0,0,0
mavenroundtable.io,-2,0,0,0,0,0
mayoclinic.org,0,0,0,0,0,0
mb.com.ph,-1,0,0,0,0,0
mbganews.com,3,1,0,0,1,0
mcall.com,0,0,0,0,0,0
mcclatchydc.com,-1,0,0,0,0,0
mcsweeneys.net,NaN,0,0,0,0,1
meanlefthook.com,-2,0,0,0,0,0
mediacircus.com,2,0,0,0,0,0
mediaequalizer.com,2,0,0,0,0,0
mediafactwatch.com,NaN,1,0,1,0,0
mediafiledc.com,-1,0,0,0,0,0
mediaite.com,-2,0,0,0,0,0
mediamatters.org,-2,0,0,0,0,0
mediaroots.org,NaN,1,0,1,0,0
mediashift.org,0,0,0,0,0,0
mediatrackers.org,2,0,0,0,0,0
mediazone.news,3,1,0,0,0,0
medicaldaily.com,0,0,0,0,0,0
medicalmedium.com,NaN,1,0,1,0,0
medicalnewstoday.com,0,0,0,0,0,0
medicalxpress.com,0,0,0,0,0,0
medicine.news,3,1,0,1,0,0
medscape.com,0,0,0,0,0,0
meduza.io,-2,0,0,0,0,0
meforum.org,3,1,0,0,1,0
memeorandum.com,0,0,0,0,0,0
memepoliceman.com,0,0,0,0,0,0
memri.org,3,1,1,0,0,0
mentaldaily.com,0,0,0,0,0,0
mentalfloss.com,0,0,0,0,0,0
mercatornet.com,2,0,0,0,0,0
mercatus.org,1,0,0,0,0,0
mercola.com,NaN,1,0,1,0,0
mercurynews.com,-1,0,0,0,0,0
merionwest.com,0,0,0,0,0,0
merryjane.com,-2,0,0,0,0,0
metabunk.org,0,0,0,0,0,0
metro.co.uk,-1,0,0,0,0,0
metro.us,-1,0,0,0,0,0
metrotimes.com,-2,0,0,0,0,0
metrowestdailynews.com,0,0,0,0,0,0
mexiconewsdaily.com,-1,0,0,0,0,0
miamiherald.com,-1,0,0,0,0,0
miaminewtimes.com,-2,0,0,0,0,0
mic.com,-1,0,0,0,0,0
michellemalkin.com,2,0,0,0,0,0
michigandaily.com,-1,0,0,0,0,0
middleamericandemocrat.com,-3,1,0,0,0,0
middleeastmonitor.com,-2,0,0,0,0,0
migrationpolicy.org,-1,0,0,0,0,0
military.com,0,0,0,0,0,0
militarytimes.com,0,0,0,0,0,0
milliyet.com.tr,3,0,1,0,0,0
milo.yiannopoulos.net,3,1,0,0,0,0
mindbodygreen.com,NaN,1,0,1,0,0
minnpost.com,-1,0,0,0,0,0
mintpressnews.com,-1,0,0,0,0,0
mirror.co.uk,-1,0,0,0,0,0
mises.org,2,0,0,0,0,0
missoulian.com,0,0,0,0,0,0
mixi.media,3,1,0,0,0,0
mlive.com,0,0,0,0,0,0
mnn.com,-1,0,0,0,0,0
modbee.com,0,0,0,0,0,0
modernalternativemama.com,NaN,1,0,1,0,0
modernliberals.com,-2,0,0,0,0,0
molad.org,-2,0,0,0,0,0
molonlabemedia.com,3,1,0,0,0,0
mondoweiss.net,-2,0,0,0,0,0
monthlyreview.org,-1,0,0,0,0,0
montrealgazette.com,1,0,0,0,0,0
moonbattery.com,3,1,0,0,0,0
moonofalabama.org,-2,0,0,0,0,0
morningconsult.com,0,0,0,0,0,0
morningstaronline.co.uk,-2,0,0,0,0,0
moronmajority.com,NaN,0,0,0,0,1
mosaicscience.com,0,0,0,0,0,0
motherjones.com,-2,0,0,0,0,0
mothership.sg,-1,0,0,0,0,0
movingleft.com,-3,1,0,0,0,0
mprnews.org,-1,0,0,0,0,0
mrc.org,2,0,1,0,0,0
mrcblog.com,3,1,0,0,0,0
msmagazine.com,-2,0,0,0,0,0
msmlies.com,3,1,0,0,0,0
msn.com,-1,0,0,0,0,0
msnbc.com,-2,0,0,0,0,0
mtdemocrat.com,-1,0,0,0,0,0
mtstandard.com,0,0,0,0,0,0
mtv.com,-1,0,0,0,0,0
muncievoice.com,-1,0,0,0,0,0
mwcnews.net,-1,0,0,0,0,0
mygoogle.ca,3,1,0,0,0,0
mynewsguru.com,3,1,0,0,0,0
mynorthwest.com,1,0,0,0,0,0
myrecordjournal.com,0,0,0,0,0,0
myrightamerica.com,3,1,0,0,0,0
mystatesman.com,-1,0,0,0,0,0
mywebtimes.com,0,0,0,0,0,0
naacp.org,-2,0,0,0,0,0
nakedcapitalism.com,-1,0,0,0,0,0
napavalleyregister.com,0,0,0,0,0,0
naplesnews.com,-1,0,0,0,0,0
nasa.gov,0,0,0,0,0,0
nation.com.pk,1,0,0,0,0,0
nationalacademyofsciences.org,0,0,0,0,0,0
nationalaffairs.com,1,0,0,0,0,0
nationalcenter.org,2,0,0,0,0,0
nationaleconomicseditorial.com,3,1,0,0,0,0
nationalenquirer.com,3,1,0,0,0,0
nationalfile.com,3,1,0,1,0,0
nationalgeographic.com,0,0,0,0,0,0
nationalinterest.org,1,0,0,0,0,0
nationaljournal.com,0,0,0,0,0,0
nationalmemo.com,-2,0,0,0,0,0
nationalnewswatch.com,-1,0,0,0,0,0
nationalobserver.com,-1,0,0,0,0,0
nationalpost.com,1,0,0,0,0,0
nationalreview.com,2,0,0,0,0,0
nationalvanguard.org,3,1,0,0,1,0
nationinstitute.org,-1,0,0,0,0,0
nationmaster.com,0,0,0,0,0,0
nationofchange.org,-2,0,0,0,0,0
natmonitor.com,-1,0,0,0,0,0
naturalawakeningsmag.com,NaN,1,0,1,0,0
naturalcures.com,NaN,1,0,1,0,0
naturalhealth365.com,NaN,1,0,1,0,0
naturallysavvy.com,NaN,1,0,1,0,0
naturalnews.com,3,1,0,1,0,0
naturalsociety.com,NaN,1,0,1,0,0
nature.com,0,0,0,0,0,0
nature.org,-1,0,0,0,0,0
nautil.us,0,0,0,0,0,0
navytimes.com,0,0,0,0,0,0
nbcnews.com,-1,0,0,0,0,0
nbcnewyork.com,-1,0,0,0,0,0
nber.org,0,0,0,0,0,0
ncbi.nlm.nih.gov,0,0,0,0,0,0
nccivitas.org,2,0,0,0,0,0
ncdc.noaa.gov,0,0,0,0,0,0
ncpolicywatch.com,-1,0,0,0,0,0
ncsl.org,0,0,0,0,0,0
ndtv.com,-1,0,0,0,0,0
necn.com,-1,0,0,0,0,0
needtoknow.news,NaN,1,0,1,0,0
neonnettle.com,NaN,1,0,1,0,0
neurosciencenews.com,0,0,0,0,0,0
neverrepublican.com,-3,1,0,0,0,0
newamerica.org,-1,0,0,0,0,0
newamericannews.com,NaN,1,0,1,0,0
newatlas.com,0,0,0,0,0,0
newbernsj.com,0,0,0,0,0,0
newbostonpost.com,2,0,0,0,0,0
neweurope.eu,-1,0,0,0,0,0
newhumanist.org.uk,0,0,0,0,0,0
newint.org,-2,0,0,0,0,0
newleftreview.org,-2,0,0,0,0,0
newlypress.com,2,0,0,0,0,0
newmatilda.com,-1,0,0,0,0,0
newmoderate.com,-1,0,0,0,0,0
newobserveronline.com,3,1,0,0,0,0
newpol.org,-2,0,0,0,0,0
newpoliticstoday.com,3,1,0,0,0,0
newrepublic.com,-2,0,0,0,0,0
newrevolutionnow.org,2,0,0,0,0,0
newromantimes.com,NaN,0,0,0,0,1
news-gazette.com,1,0,0,0,0,0
news-herald.com,1,0,0,0,0,0
news-journal.com,0,0,0,0,0,0
news.abs-cbn.com,0,0,0,0,0,0
news.amomama.com,0,0,0,0,0,0
news.com.au,1,0,0,0,0,0
news.err.ee,0,0,0,0,0,0
news.gallup.com,0,0,0,0,0,0
news.google.com,-1,0,0,0,0,0
news.grabien.com,2,0,0,0,0,0
news.harvard.edu,0,0,0,0,0,0
news.hjnews.com,0,0,0,0,0,0
news.mit.edu,0,0,0,0,0,0
news.mongabay.com,-1,0,0,0,0,0
news.sky.com,0,0,0,0,0,0
news.trust.org,-1,0,0,0,0,0
news.unclesamsmisguidedchildren.com,3,1,0,0,0,0
news.wgbh.org,0,0,0,0,0,0
news.yahoo.com,-1,0,0,0,0,0
news24.com,0,0,0,0,0,0
news9.com,0,0,0,0,0,0
newsammo.com,3,1,0,0,0,0
newsandguts.com,-1,0,0,0,0,0
newsandnews.com,0,0,0,0,0,0
newsbiscuit.com,NaN,0,0,0,0,1
newsblaze.com,3,1,0,0,0,0
newsbreakshere.com,3,1,0,0,0,0
newsbud.com,NaN,1,0,1,0,0
newsbusters.org,2,0,0,0,0,0
newschicken.com,3,1,0,0,0,0
newscientist.com,0,0,0,0,0,0
newscorpse.com,-2,0,0,0,0,0
newsday.com,-1,0,0,0,0,0
newsdeeply.com,-1,0,0,0,0,0
newsela.com,0,0,0,0,0,0
newser.com,-1,0,0,0,0,0
newsguardtech.com,0,0,0,0,0,0
newsheist.com,1,0,0,0,0,0
newshounds.us,-2,0,0,0,0,0
newsinsideout.com,NaN,1,0,1,0,0
newsite.thehindu.com,-1,0,0,0,0,0
newslogue.com,-2,0,0,0,0,0
newslookup.com,0,0,0,0,0,0
newsmax.com,2,0,0,0,0,0
newsmutiny.com,NaN,0,0,0,0,1
newsnow.co.uk,0,0,0,0,0,0
newsobserver.com,-1,0,0,0,0,0
newsone.com,-2,0,0,0,0,0
newsoptimist.ca,0,0,0,0,0,0
newspunch.com,3,1,0,0,0,0
newsrescue.com,1,0,0,0,0,0
newstarget.com,3,1,0,1,0,0
newstatesman.com,-2,0,0,0,0,0
newsthump.com,NaN,0,0,0,0,1
newstimes.com,-1,0,0,0,0,0
newswars.com,3,1,0,0,0,0
newsweek.com,-2,0,0,0,0,0
newswithviews.com,3,1,0,0,0,0
newsy.com,0,0,0,0,0,0
newtrals.com,0,0,0,0,0,0
newyorker.com,-2,0,0,0,0,0
nextbigfuture.com,0,0,0,0,0,0
nextgov.com,0,0,0,0,0,0
nextobserver.com,0,0,0,0,0,0
nhk.or.jp,-1,0,0,0,0,0
nhregister.com,-1,0,0,0,0,0
niemanlab.org,0,0,0,0,0,0
nih.gov,0,0,0,0,0,0
niskanencenter.org,0,0,0,0,0,0
nj.com,-1,0,0,0,0,0
nknews.org,0,0,0,0,0,0
nmpolitics.net,0,0,0,0,0,0
nmws.us,-3,1,0,0,0,0
noaa.gov,0,0,0,0,0,0
nola.com,-1,0,0,0,0,0
nolabels.org,0,0,0,0,0,0
noozhawk.com,0,0,0,0,0,0
noqreport.com,2,0,0,0,0,0
norfolkdailynews.com,0,0,0,0,0,0
north99.org,-2,0,0,0,0,0
northjersey.com,-1,0,0,0,0,0
northkoreatimes.com,0,0,0,0,0,0
nos.nl,1,0,0,0,0,0
noscomunicamos.com,3,1,0,0,0,0
notallowedto.com,NaN,1,0,0,0,0
notliberal.com,2,0,0,0,0,0
notrickszone.com,3,1,0,1,0,0
nottnews.com,NaN,0,0,0,0,1
nova-magazine.net,-2,0,0,0,0,0
novinite.com,0,0,0,0,0,0
now8news.com,NaN,1,0,0,0,0
nowtheendbegins.com,3,1,0,1,0,0
nowthisnews.com,-3,1,0,0,0,0
nowtoronto.com,-2,0,0,0,0,0
npcdaily.com,NaN,0,0,0,0,1
npiamerica.org,3,1,0,0,1,0
npr.org,-1,0,0,0,0,0
nraila.org,2,0,0,0,0,0
nrdc.org,-2,0,0,0,0,0
nst.com.my,0,0,0,0,0,0
ntd.com,1,0,0,0,0,0
ntknetwork.com,2,0,0,0,0,0
numbersusa.com,2,0,0,0,0,0
nutritionfacts.org,NaN,1,0,1,0,0
nvic.org,NaN,1,0,1,0,0
nwfdailynews.com,0,0,0,0,0,0
nwitimes.com,0,0,0,0,0,0
ny1.com,0,0,0,0,0,0
nydailynews.com,-2,0,0,0,0,0
nymag.com,-2,0,0,0,0,0
nypost.com,1,0,0,0,0,0
nytimes.com,-1,0,0,0,0,0
nzherald.co.nz,0,0,0,0,0,0
o4anews.com,3,1,0,0,0,0
oann.com,3,1,0,0,0,0
oaoa.com,1,0,0,0,0,0
oathkeepers.org,3,1,0,0,1,0
observatory.journalism.wisc.edu,0,0,0,0,0,0
observer.com,0,0,0,0,0,0
occupy.com,-2,0,0,0,0,0
occupyindependents.com,-1,0,0,0,0,0
occupyyourself.org,NaN,0,0,0,0,0
oceana.org,0,0,0,0,0,0
ocregister.com,0,0,0,0,0,0
ocweekly.com,-1,0,0,0,0,0
off-guardian.org,3,1,0,1,0,0
offendedamerica.com,2,0,0,0,0,0
offgridsurvival.com,2,0,0,0,0,0
oilandwaterdontmix.org,-1,0,0,0,0,0
oilprice.com,0,0,0,0,0,0
oklahoman.com,1,0,0,0,0,0
omaha.com,1,0,0,0,0,0
oneangrygamer.net,2,0,0,0,0,0
onegreenplanet.org,-2,0,0,0,0,0
oneindia.com,-1,0,0,0,0,0
onenewsnow.com,2,0,0,0,0,0
online.wsj.com,0,0,0,0,0,0
onlineconservativepress.com,3,1,0,0,0,0
ontarioproud.ca,2,0,0,0,0,0
opednews.com,-2,0,0,0,0,0
opendemocracy.net,-1,0,0,0,0,0
opendoorsusa.org,1,0,0,0,0,0
openmagazines.com,3,1,0,0,0,0
opensecrets.org,0,0,0,0,0,0
openthegovernment.org,0,0,0,0,0,0
opposingviews.com,-1,0,0,0,0,0
oppositionreport.com,-3,1,0,0,0,0
opslens.com,2,0,0,0,0,0
order-order.com,2,0,0,0,0,0
oregonlive.com,0,0,0,0,0,0
organicfacts.net,NaN,1,0,1,0,0
orlandosentinel.com,-1,0,0,0,0,0
other98.com,-3,1,0,0,0,0
ottawacitizen.com,1,0,0,0,0,0
ottawasun.com,1,0,0,0,0,0
oureyeonislam.com,3,1,0,0,1,0
ourfutureinamerica.org,2,0,0,0,0,0
ourlandofthefree.com,NaN,0,0,0,0,1
ourvoiceny.com,-2,0,0,0,0,0
ourworldindata.org,-1,0,0,0,0,0
out.com,-2,0,0,0,0,0
outabouter.com,NaN,0,0,0,0,1
outlook.monmouth.edu,0,0,0,0,0,0
outsidethebeltway.com,-1,0,0,0,0,0
oye.news,NaN,1,0,1,0,0
oyez.org,0,0,0,0,0,0
ozy.com,-1,0,0,0,0,0
pacificpundit.com,3,1,0,0,0,0
pacificresearch.org,1,0,0,0,0,0
paho.org,0,0,0,0,0,0
palestinechronicle.com,-2,0,0,0,0,0
palmbeachdailynews.com,-1,0,0,0,0,0
palmbeachpost.com,-1,0,0,0,0,0
palmerreport.com,-3,0,1,0,0,0
pamplinmedia.com,-1,0,0,0,0,0
panampost.com,2,0,0,0,0,0
pandemic.news,3,1,0,1,0,0
pantagraph.com,0,0,0,0,0,0
pantsonfirenews.com,3,1,0,0,0,0
pastemagazine.com,-2,0,0,0,0,0
patch.com,0,0,0,0,0,0
patheos.com,0,0,0,0,0,0
patribotics.blog,3,1,0,0,0,0
patriotbeacon.com,3,1,0,0,0,0
patriotbeat.com,3,1,0,0,0,0
patriotcrier.com,3,1,0,0,0,0
patriotfires.com,3,1,0,0,0,0
patriothangout.com,3,1,0,0,0,0
patrioticexpress.com,3,1,0,0,0,0
patrioticmillionaires.org,-1,0,0,0,0,0
patrioticviralnews.com,3,1,0,0,0,0
patriotjournal.org,3,1,0,0,0,0
patriotnewsalerts.com,2,0,0,0,0,0
patriotnewsdaily.com,2,0,0,0,0,0
patriotpost.us,2,0,0,0,0,0
patriotretort.com,2,0,0,0,0,0
patriotupdate.com,3,1,0,0,0,0
pbs.org,0,0,0,0,0,0
pcmustdie.com,3,1,0,0,0,0
pe.com,1,0,0,0,0,0
peacock-panache.com,-2,0,0,0,0,0
peninsuladailynews.com,1,0,0,0,0,0
pennlive.com,-1,0,0,0,0,0
people.com,-2,0,0,0,0,0
perezhilton.com,-3,1,0,0,0,0
personalliberty.com,3,1,0,0,0,0
peta.org,-3,1,0,1,0,0
pewresearch.org,0,0,0,0,0,0
pfaw.org,-2,0,0,0,0,0
pgpf.org,0,0,0,0,0,0
philly.com,-1,0,0,0,0,0
phnompenhpost.com,0,0,0,0,0,0
phoenixnewtimes.com,-1,0,0,0,0,0
photographyisnotacrime.com,-2,0,0,0,0,0
phys.org,0,0,0,0,0,0
piie.com,0,0,0,0,0,0
pilotonline.com,-1,0,0,0,0,0
pinknews.co.uk,-2,0,0,0,0,0
pjmedia.com,3,1,0,0,0,0
pjstar.com,0,0,0,0,0,0
placesjournal.org,0,0,0,0,0,0
plos.org,0,0,0,0,0,0
pluralist.com,2,0,0,0,0,0
pmnightlynews.com,3,1,0,0,0,0
pnas.org,0,0,0,0,0,0
pnj.com,0,0,0,0,0,0
poconorecord.com,0,0,0,0,0,0
pogo.org,0,0,0,0,0,0
policyed.org,1,0,0,0,0,0
politicalcritique.org,-1,0,0,0,0,0
politicaldig.com,-2,0,0,0,0,0
politicalears.com,3,1,0,0,0,0
politicalflare.com,-3,1,0,0,0,0
politicalgarbagechute.com,NaN,0,0,0,0,1
politicalinbox.com,-3,1,0,0,0,0
politicalite.com,2,0,0,0,0,0
politicalmayhem.news,3,1,0,0,0,0
politicalstate.org,-3,1,0,0,0,0
politicaltribune.org,-2,0,0,0,0,0
politicalupdater.com,-2,0,0,0,0,0
politicalwire.com,0,0,0,0,0,0
politichicks.com,2,0,0,0,0,0
politico.com,0,0,0,0,0,0
politicsnote.com,2,0,0,0,0,0
politicsthatwork.com,-1,0,0,0,0,0
politicsusanews.com,3,1,0,0,0,0
politicususa.com,-2,0,0,0,0,0
politifact.com,0,0,0,0,0,0
politifact.news,3,1,0,0,0,0
politifeed.net,2,0,0,0,0,0
politisite.com,1,0,0,0,0,0
politizoom.com,-2,0,0,0,0,0
polygon.com,-1,0,0,0,0,0
polygraph.info,0,0,0,0,0,0
pop.org,3,1,0,0,1,0
popsci.com,0,0,0,0,0,0
popular.info,-2,0,0,0,0,0
populardemocracy.org,-1,0,0,0,0,0
popularmechanics.com,0,0,0,0,0,0
popularresistance.org,-2,0,0,0,0,0
populationconnection.org,-1,0,0,0,0,0
populistwire.com,2,0,0,0,0,0
positive.news,-1,0,0,0,0,0
post-gazette.com,1,0,0,0,0,0
post-journal.com,1,0,0,0,0,0
postandcourier.com,0,0,0,0,0,0
postbulletin.com,1,0,0,0,0,0
poststar.com,0,0,0,0,0,0
potatriotsunite.com,NaN,0,0,0,0,1
powderedwigsociety.com,3,1,0,0,0,0
powerlineblog.com,2,0,0,0,0,0
poynter.org,0,0,0,0,0,0
prageru.com,3,1,0,0,0,0
pravdareport.com,3,1,1,0,0,0
precisionvaccinations.com,0,0,0,0,0,0
prepareforchange.net,NaN,1,0,1,0,0
president45donaldtrump.com,3,1,1,0,0,0
pressdemocrat.com,-1,0,0,0,0,0
pressfortruth.ca,3,1,0,1,0,0
pressherald.com,0,0,0,0,0,0
pressprogress.ca,-2,0,0,0,0,0
presstv.com,3,1,1,0,0,0
prettycoolsite.com,NaN,0,0,0,0,1
prevention.com,NaN,1,0,1,0,0
pri.org,0,0,0,0,0,0
prideof-america.org,3,1,0,0,0,0
principia-scientific.org,3,1,0,1,0,0
prisonplanet.com,3,1,0,1,0,0
private-eye.co.uk,-1,0,0,0,0,0
prnewswire.mediaroom.com,0,0,0,0,0,0
proamericanews.com,3,1,0,0,0,0
procon.org,0,0,0,0,0,0
profam.org,3,1,0,0,1,0
progressive.org,-2,0,0,0,0,0
progressivearmy.com,-2,0,0,0,0,0
progressivefrontier.com,-2,0,0,0,0,0
progressiveliberal.net,-2,0,0,0,0,0
progressivevoicesofiowa.com,-2,0,0,0,0,0
progresstribune.com,-3,1,0,0,0,0
project-syndicate.org,-1,0,0,0,0,0
projectcensored.org,-2,0,0,0,0,0
projectpurge.com,3,1,0,0,1,0
projectveritas.com,2,0,0,0,0,0
prophecynewswatch.com,NaN,1,0,1,0,0
prophecytoday.com,3,1,0,1,0,0
propornot.com,NaN,1,0,1,0,0
propublica.org,-1,0,0,0,0,0
prospect.org,-2,0,0,0,0,0
prospectmagazine.co.uk,-1,0,0,0,0,0
protrumpnews.com,3,1,0,0,0,0
proud-patriots.com,3,1,0,0,0,0
proudcons.com,3,1,0,0,0,0
proudemocrat.com,-2,0,0,0,0,0
proudleader.com,3,1,0,0,0,0
providencejournal.com,-1,0,0,0,0,0
prri.org,0,0,0,0,0,0
prwatch.org,-2,0,0,0,0,0
psmag.com,-1,0,0,0,0,0
psychcentral.com,NaN,0,0,0,0,0
psychologytoday.com,0,0,0,0,0,0
psypost.org,0,0,0,0,0,0
public.wmo.int,0,0,0,0,0,0
publicintegrity.org,-1,0,0,0,0,0
publicinterestlegal.org,2,0,0,0,0,0
publicpolicypolling.com,0,0,0,0,0,0
pulsegulfcoast.com,-1,0,0,0,0,0
punchingbagpost.com,1,0,0,0,0,0
puppetstringnews.com,3,1,0,0,0,0
putintrump.org,-2,0,0,0,0,0
pxw.news,0,0,0,0,0,0
qanon.pub,3,1,0,1,0,0
qctimes.com,0,0,0,0,0,0
qpolitical.com,3,1,0,0,0,0
quackwatch.org,0,0,0,0,0,0
quadrant.org.au,2,0,0,0,0,0
quantamagazine.org,0,0,0,0,0,0
queerty.com,-2,0,0,0,0,0
quillette.com,3,1,0,0,0,0
qz.com,0,0,0,0,0,0
rabble.ca,-2,0,0,0,0,0
rand.org,0,0,0,0,0,0
rantt.com,-2,0,0,0,0,0
rapidcityjournal.com,0,0,0,0,0,0
rappler.com,-2,0,0,0,0,0
rapturenewsnetwork.com,NaN,1,0,1,0,0
rare.us,0,0,0,0,0,0
rasmussenreports.com,1,0,0,0,0,0
rationalwiki.org,-1,0,0,0,0,0
rawconservativeopinions.com,3,1,0,0,0,0
rawprogressive.com,-2,0,0,0,0,0
rawstory.com,-2,0,0,0,0,0
rd.com,2,0,0,0,0,0
react365.com,NaN,1,0,0,0,0
readconservatives.news,3,1,0,0,0,0
readersupportednews.org,-2,0,0,0,0,0
readfrontier.org,-1,0,0,0,0,0
readingthepictures.org,-2,0,0,0,0,0
readsludge.com,-2,0,0,0,0,0
realcleardefense.com,1,0,0,0,0,0
realclearinvestigations.com,1,0,0,0,0,0
realclearpolicy.com,1,0,0,0,0,0
realclearpolitics.com,0,0,0,0,0,0
realclearreligion.org,1,0,0,0,0,0
realclearscience.com,0,0,0,0,0,0
realclimate.org,0,0,0,0,0,0
realclimatescience.com,3,1,0,1,0,0
realconservativesunite.com,3,1,0,0,0,0
realfarmacy.com,NaN,1,0,1,0,0
realjewnews.com,NaN,1,0,1,0,0
realmofhistory.com,0,0,0,0,0,0
realnews24.com,NaN,1,0,1,0,0
realnewsrightnow.com,NaN,0,0,0,0,1
realtimepolitics.com,-3,1,0,0,0,0
reason.com,1,0,0,0,0,0
rebelnews.com,2,0,0,0,0,0
record-eagle.com,0,0,0,0,0,0
redalertpolitics.com,2,0,0,0,0,0
redandblack.com,0,0,0,0,0,0
redbluedivide.com,3,1,1,0,0,0
redcountry.us,3,1,0,0,0,0
redflagnews.com,2,0,0,0,0,0
redice.tv,3,1,0,0,1,0
redorbit.com,0,0,0,0,0,0
redoubtnews.com,NaN,1,0,1,0,0
redpeople.us,3,1,0,0,0,0
redpepper.org.uk,-2,0,0,0,0,0
redpolitics.us,3,1,0,0,0,0
redrocktribune.com,3,1,0,0,0,0
redstate.com,2,0,0,0,0,0
redstatedisaster.com,-2,0,0,0,0,0
redstatejournalist.com,3,1,0,0,0,0
redstatewatcher.com,3,1,0,0,0,0
redstatewave.com,3,1,0,0,0,0
reductress.com,NaN,0,0,0,0,1
redwhiteandright.com,3,1,0,0,0,0
redyouth.org,-2,0,0,0,0,0
reedcooper.net,3,1,1,0,0,0
reflectionofmind.org,NaN,1,0,1,0,0
regated.com,2,0,0,0,0,0
relevantmagazine.com,0,0,0,0,0,0
reliablebias.com,0,0,0,0,0,0
religionnews.com,-1,0,0,0,0,0
remingtonresearchgroup.com,1,0,0,0,0,0
remnantnewspaper.com,3,1,0,0,1,0
renewamerica.com,3,1,0,0,1,0
renewedright.com,2,0,0,0,0,0
rense.com,3,1,0,1,1,0
rep-am.com,1,0,0,0,0,0
reporterslab.org,0,0,0,0,0,0
represent.us,NaN,0,0,0,0,0
repubblica.it,-1,0,0,0,0,0
republicanssucks.org,-2,0,0,0,0,0
republicreport.org,-2,0,0,0,0,0
republicworld.com,3,1,0,0,0,0
rescue.org,0,0,0,0,0,0
researchantisemitism.ca,3,1,0,0,0,0
researchgate.net,0,0,0,0,0,0
resilience.org,-2,0,0,0,0,0
resistancemedia.org,2,0,0,0,0,0
resistancereport.com,-3,1,0,0,0,0
resourcegovernance.org,-1,0,0,0,0,0
resourcewatch.org,0,0,0,0,0,0
responsibletechnology.org,NaN,1,0,1,0,0
restoreamericanglory.com,2,0,0,0,0,0
retractionwatch.com,0,0,0,0,0,0
returnofkings.com,3,1,0,0,0,0
returntonow.net,NaN,1,0,1,0,0
reuters.com,0,0,0,0,0,0
revcom.us,-2,0,0,0,0,0
revealnews.org,-1,0,0,0,0,0
reverbpress.news,-2,0,0,0,0,0
reverepress.com,-2,0,0,0,0,0
reviewjournal.com,1,0,0,0,0,0
revolutionradio.org,NaN,1,0,1,0,0
rewire.news,-2,0,0,0,0,0
rfa.org,-1,0,0,0,0,0
rferl.org,0,0,1,0,0,0
rfi.fr,0,0,0,0,0,0
richmond.com,1,0,0,0,0,0
rickwells.us,3,1,0,0,0,0
ricochet.com,2,0,0,0,0,0
rightalerts.com,3,1,0,0,0,0
rightandfree.com,2,0,0,0,0,0
righterway.com,3,1,0,0,0,0
rightjournalist.com,3,1,0,0,0,0
rightsidenews.com,2,0,0,0,0,0
rightsmarts.com,3,1,0,0,0,0
rightweb.irc-online.org,-1,0,0,0,0,0
rightwingnews.com,3,1,0,0,0,0
rightwingwatch.org,-2,0,0,0,0,0
rilenews.com,NaN,0,0,0,0,1
rinf.com,3,1,1,0,0,0
riverbender.com,0,0,0,0,0,0
riverdalepress.com,0,0,0,0,0,0
roanoke.com,-1,0,0,0,0,0
rockcitytimes.com,NaN,0,0,0,0,1
rodong.rep.kp,-3,1,1,0,0,0
rollcall.com,0,0,0,0,0,0
rollingstone.com,-2,0,0,0,0,0
ronpaulinstitute.org,2,0,0,0,0,0
ronpaullibertyreport.com,2,0,0,0,0,0
rooseveltinstitute.org,-1,0,0,0,0,0
rrtribune.com,3,1,0,0,0,0
rsf.org,0,0,0,0,0,0
rstreet.org,1,0,0,0,0,0
rt.com,3,1,1,0,0,0
rte.ie,0,0,0,0,0,0
rudaw.net,-3,1,0,0,0,0
ruptly.tv,3,1,1,0,0,0
rushlimbaugh.com,3,1,0,0,0,0
russia-insider.com,3,1,1,0,1,0
russialies.com,0,0,0,0,0,0
ruthinstitute.org,3,1,0,0,1,0
rwnofficial.com,3,1,0,0,0,0
sabah.com.tr,2,0,0,0,0,0
sacbee.com,-1,0,0,0,0,0
salon.com,-2,0,0,0,0,0
samefacts.com,-2,0,0,0,0,0
samuel-warde.com,-2,0,0,0,0,0
sanctumnews.com,NaN,0,0,0,0,1
sandiegoreader.com,-1,0,0,0,0,0
sandiegouniontribune.com,0,0,0,0,0,0
sanevax.org,NaN,1,0,1,0,0
sanluisobispo.com,-1,0,0,0,0,0
sanmarcosrecord.com,0,0,0,0,0,0
santafenewmexican.com,-1,0,0,0,0,0
santamariatimes.com,0,0,0,0,0,0
sapiens.org,-1,0,0,0,0,0
satiratribune.com,NaN,0,0,0,0,1
satirev.org,NaN,0,0,0,0,1
saturdayeveningpost.com,0,0,0,0,0,0
savannahnow.com,1,0,0,0,0,0
savejersey.com,2,0,0,0,0,0
savethemales.ca,3,1,0,1,0,0
sayfiereview.com,0,0,0,0,0,0
sbgi.net,2,0,0,0,0,0
sbs.com.au,-1,0,0,0,0,0
sbsun.com,0,0,0,0,0,0
scarymommy.com,-2,0,0,0,0,0
schmedium.org,NaN,0,0,0,0,1
scicentral.com,0,0,0,0,0,0
science.energy.gov,0,0,0,0,0,0
sciencealert.com,0,0,0,0,0,0
sciencebasedmedicine.org,0,0,0,0,0,0
scienceblogs.com,0,0,0,0,0,0
sciencedaily.com,0,0,0,0,0,0
sciencedebate.org,0,0,0,0,0,0
sciencedirect.com,0,0,0,0,0,0
sciencefeedback.co,0,0,0,0,0,0
sciencehistory.org,0,0,0,0,0,0
scienceillustrated.com.au,0,0,0,0,0,0
sciencemag.org,0,0,0,0,0,0
sciencemediacentre.org,0,0,0,0,0,0
sciencenews.org,0,0,0,0,0,0
sciencetrends.com,0,0,0,0,0,0
sciencevibe.com,NaN,1,0,1,0,0
sciencing.com,-1,0,0,0,0,0
scientificamerican.com,0,0,0,0,0,0
scmp.com,-3,0,1,0,0,0
scoopnest.com,0,0,0,0,0,0
scoopwhoop.com,-1,0,0,0,0,0
scorchedearthnews.com,NaN,0,0,0,0,1
scotsman.com,0,0,0,0,0,0
scotusblog.com,0,0,0,0,0,0
scripps.ucsd.edu,0,0,0,0,0,0
scroll.in,-1,0,0,0,0,0
sctimes.com,0,0,0,0,0,0
seattlepi.com,-1,0,0,0,0,0
seattletimes.com,0,0,0,0,0,0
secondamendmentdaily.com,3,1,0,0,0,0
secondnexus.com,-2,0,0,0,0,0
secureamericanow.org,2,0,0,0,0,0
securingdemocracy.gmfus.org,0,0,0,0,0,0
seeker.com,0,0,0,0,0,0
sentencingproject.org,-1,0,0,0,0,0
sentinelksmo.org,2,0,0,0,0,0
sfchronicle.com,-1,0,0,0,0,0
sfexaminer.com,-1,0,0,0,0,0
sfgate.com,-1,0,0,0,0,0
sfglobe.com,-1,0,0,0,0,0
sfweekly.com,0,0,0,0,0,0
sgtreport.com,NaN,1,0,1,0,0
shadowproof.com,-2,0,0,0,0,0
shameproject.com,-1,0,0,0,0,0
shareably.net,0,0,0,0,0,0
shareblue.com,-2,0,0,0,0,0
shariawatch.org.uk,3,1,0,0,1,0
sheepkillers.com,NaN,1,0,1,0,0
shoebat.com,NaN,1,0,1,0,0
shondaland.com,-2,0,0,0,0,0
shorensteincenter.org,0,0,0,0,0,0
shreveporttimes.com,0,0,0,0,0,0
shtfplan.com,3,1,0,0,0,0
shu.plus,NaN,0,0,0,0,1
sickchirpse.com,NaN,1,0,0,0,0
silenceisconsent.net,2,0,0,0,0,0
silive.com,-1,0,0,0,0,0
simplepolitics.co.uk,0,0,0,0,0,0
singularityhub.com,0,0,0,0,0,0
siouxcityjournal.com,0,0,0,0,0,0
sites.agu.org,0,0,0,0,0,0
skepdic.com,0,0,0,0,0,0
skeptic.com,0,0,0,0,0,0
skepticalraptor.com,0,0,0,0,0,0
skepticalscience.com,0,0,0,0,0,0
skepticink.com,0,0,0,0,0,0
skeptics.com.au,0,0,0,0,0,0
skeptiko.com,NaN,1,0,1,0,0
skeptoid.com,0,0,0,0,0,0
skyandtelescope.com,0,0,0,0,0,0
skyhidailynews.com,-1,0,0,0,0,0
slate.com,-2,0,0,0,0,0
sltrib.com,-1,0,0,0,0,0
smartnews.com,0,0,0,0,0,0
smerconish.com,0,0,0,0,0,0
smh.com.au,-1,0,0,0,0,0
smirkingchimp.com,-2,0,0,0,0,0
smithsonianmag.com,0,0,0,0,0,0
smobserved.com,3,1,0,0,0,0
snopes.com,0,0,0,0,0,0
sociable.co,0,0,0,0,0,0
socialistalternative.org,-2,0,0,0,0,0
socialistworker.org,-2,0,0,0,0,0
societyforscience.org,0,0,0,0,0,0
sofrep.com,1,0,0,0,0,0
sojo.net,-1,0,0,0,0,0
sonorannews.com,2,0,0,0,0,0
sonsof1776.com,3,1,0,0,0,0
sootoday.com,-1,0,0,0,0,0
sott.net,NaN,1,0,1,0,0
sourcepolitics.com,-2,0,0,0,0,0
sourcewatch.org,-2,0,0,0,0,0
southafricatoday.net,3,1,0,0,0,0
southendnewsnetwork.net,NaN,0,0,0,0,1
southernpatriotnews.com,2,0,0,0,0,0
southfront.org,NaN,1,1,1,0,0
sp.neuronation.com,NaN,1,0,1,0,0
space.com,0,0,0,0,0,0
space.news,NaN,1,0,1,0,0
speakgov.com,3,1,0,0,0,0
spectator.co.uk,1,0,0,0,0,0
spectator.org,2,0,0,0,0,0
spectator.us,1,0,0,0,0,0
spectrumreport.com,0,0,0,0,0,0
speisa.com,3,1,0,0,0,0
spiegel.de,-1,0,0,0,0,0
spiked-online.com,2,0,0,0,0,0
spinzon.com,3,1,0,0,0,0
splcenter.org,-2,0,0,0,0,0
splinternews.com,-2,0,0,0,0,0
spokesman.com,0,0,0,0,0,0
sportspickle.com,NaN,0,0,0,0,1
sputniknews.com,3,1,1,0,0,0
srnnews.com,1,0,0,0,0,0
standard.co.uk,1,0,0,0,0,0
standard.net,0,0,0,0,0,0
standpointmag.co.uk,2,0,0,0,0,0
star-telegram.com,1,0,0,0,0,0
staradvertiser.com,-1,0,0,0,0,0
stardem.com,0,0,0,0,0,0
staresattheworld.com,3,1,0,0,0,0
starpolitical.com,2,0,0,0,0,0
startribune.com,-1,0,0,0,0,0
state-journal.com,-1,0,0,0,0,0
statefort.com,3,1,0,0,0,0
stateofthenation2012.com,3,1,0,0,0,0
statepress.com,-1,0,0,0,0,0
statesman.com,-1,0,0,0,0,0
statesmanjournal.com,0,0,0,0,0,0
statesville.com,0,0,0,0,0,0
statista.com,0,0,0,0,0,0
statnews.com,0,0,0,0,0,0
steadfastandloyal.com,3,1,0,0,0,0
stepfeed.com,-1,0,0,0,0,0
stfnreport.com,3,1,0,0,0,0
stgeorgegazette.com,NaN,0,0,0,0,1
stillnessinthestorm.com,NaN,1,0,1,0,0
stiltonsplace.blogspot.com,NaN,0,0,0,0,1
stimson.org,0,0,0,0,0,0
stltoday.com,-1,0,0,0,0,0
stocknewsusa.com,0,0,0,0,0,0
stonecoldtruth.com,3,1,1,0,0,0
stopfake.org,-1,0,0,0,0,0
stpete4peace.org,-2,0,0,0,0,0
straitstimes.com,1,0,0,0,0,0
strategic-culture.org,3,1,1,0,0,0
strategypage.com,0,0,0,0,0,0
stratfor.com,0,0,0,0,0,0
stream.org,NaN,1,0,1,0,0
stripes.com,0,0,0,0,0,0
stubhillnews.com,NaN,0,0,0,0,1
studentnewsdaily.com,1,0,0,0,0,0
studionewsnetwork.com,3,1,0,0,0,0
stuff.co.nz,-1,0,0,0,0,0
stuppid.com,NaN,0,0,0,0,1
subjectpolitics.com,3,1,1,0,0,0
suffolkgazette.com,NaN,0,0,0,0,1
summit.news,3,1,0,0,0,0
sun-sentinel.com,0,0,0,0,0,0
sundayinquirer.com,NaN,1,0,0,0,0
sundaysportonline.co.uk,NaN,0,0,0,0,1
sungazette.com,1,0,0,0,0,0
sungress.com,NaN,0,0,0,0,1
sunlightfoundation.com,-1,0,0,0,0,0
supremepatriot.com,3,1,0,0,0,0
surenews.com,3,1,0,0,0,0
survivalblog.com,3,1,0,0,0,0
sustainablepulse.com,NaN,1,0,1,0,0
svijmedia.com,3,1,0,0,0,0
swampdrain.com,3,1,0,0,0,0
swarajyamag.com,3,1,0,0,0,0
swissinfo.ch,-1,0,0,0,0,0
syracuse.com,0,0,0,0,0,0
syriahr.com,-1,0,0,0,0,0
syriana-analysis.com,-2,0,0,0,0,0
syrianews.cc,NaN,1,0,0,0,0
tabletmag.com,-1,0,0,0,0,0
taipeitimes.com,0,0,0,0,0,0
taiwannews.com.tw,-1,0,0,0,0,0
takepart.com,-2,0,0,0,0,0
takimag.com,3,1,0,0,1,0
talkingpointsmemo.com,-2,0,0,0,0,0
tallahassee.com,0,0,0,0,0,0
tampabay.com,-1,0,0,0,0,0
tarbell.org,-1,0,0,0,0,0
taskandpurpose.com,0,0,0,0,0,0
tasnimnews.com,3,1,0,0,0,0
tass.com,3,1,1,0,0,0
taxfoundation.org,1,0,0,0,0,0
taxjustice.net,-1,0,0,0,0,0
taxpayer.com,1,0,0,0,0,0
taxpolicycenter.org,-1,0,0,0,0,0
tcf.org,-1,0,0,0,0,0
tdn.com,0,0,0,0,0,0
tdnewswire.com,3,1,0,0,0,0
tdtalliance.com,3,1,1,0,0,0
teaparty.org,3,1,0,0,0,0
teapartypatriots.org,3,1,0,0,0,0
techcrunch.com,0,0,0,0,0,0
techdirt.com,-1,0,0,0,0,0
technologyreview.com,0,0,0,0,0,0
techstartups.com,0,0,0,0,0,0
techxplore.com,0,0,0,0,0,0
teddystick.com,3,1,0,0,0,0
teenvogue.com,-2,0,0,0,0,0
tehrantimes.com,3,1,0,0,0,0
telegraaf.nl,2,0,0,0,0,0
telegram.com,0,0,0,0,0,0
telegraph.co.uk,2,0,0,0,0,0
telesurtv.net,-2,0,0,0,0,0
tennessean.com,0,0,0,0,0,0
tennesseestar.com,2,0,0,0,0,0
tenthamendmentcenter.com,2,0,0,0,0,0
texasmonthly.com,-1,0,0,0,0,0
texasobserver.org,-2,0,0,0,0,0
texasstandard.org,0,0,0,0,0,0
texastribune.org,-1,0,0,0,0,0
tfp.org,3,1,0,0,1,0
tharawat-magazine.com,1,0,0,0,0,0
thatsnonsense.com,0,0,0,0,0,0
thatsprettygoodscience.com,NaN,0,0,0,0,1
the-american-interest.com,1,0,0,0,0,0
the-daily.buzz,-2,0,0,0,0,0
the-japan-news.com,1,0,0,0,0,0
the-postillon.com,NaN,0,0,0,0,1
the-scientist.com,0,0,0,0,0,0
theadvocates.org,1,0,0,0,0,0
theage.com.au,-1,0,0,0,0,0
theamericanconservative.com,1,0,0,0,0,0
theamericanmirror.com,3,1,0,0,0,0
theantimedia.com,NaN,1,0,1,0,0
theappeal.org,0,0,0,0,0,0
theatlantic.com,-1,0,0,0,0,0
theaustralian.com.au,1,0,0,0,0,0
theautomaticearth.com,-1,0,0,0,0,0
thebaffler.com,-1,0,0,0,0,0
thebalance.com,0,0,0,0,0,0
thebeardedpatriot.com,3,1,0,0,0,0
thebeaverton.com,NaN,0,0,0,0,1
thebeltwayreport.com,3,1,0,0,0,0
thebipartisanpress.com,-1,0,0,0,0,0
theblacksphere.net,2,0,0,0,0,0
theblaze.com,2,0,0,0,0,0
theblueroute.org,-2,0,0,0,0,0
thebostontribune.com,3,1,0,0,0,0
thebreakingnews.today,3,1,0,0,0,0
thebreakthrough.org,1,0,0,0,0,0
thebrunswicknews.com,1,0,0,0,0,0
thebulletin.org,0,0,0,0,0,0
thebulwark.com,1,0,0,0,0,0
thebureauinvestigates.com,0,0,0,0,0,0
theburningspear.com,-2,0,0,0,0,0
thecanadianpress.com,0,0,0,0,0,0
thecanary.co,-2,0,0,0,0,0
thecentersquare.com,0,0,0,0,0,0
thechristianleft.org,-1,0,0,0,0,0
thechronicleherald.ca,1,0,0,0,0,0
thecipherbrief.com,0,0,0,0,0,0
thecitizen.org.au,-1,0,0,0,0,0
thecitizenpress.com,2,0,0,0,0,0
thecity.nyc,-1,0,0,0,0,0
thecollegefix.com,2,0,0,0,0,0
thecommonsenseshow.com,3,1,0,1,0,0
theconservativebrief.com,3,1,0,0,0,0
theconservativenut.gop,2,0,0,0,0,0
theconservativetreehouse.com,3,1,0,0,0,0
theconversation.com,0,0,0,0,0,0
thedailybanter.com,-2,0,0,0,0,0
thedailybeast.com,-2,0,0,0,0,0
thedailybell.com,3,1,0,0,0,0
thedailycentrist.com,0,0,0,0,0,0
thedailyconspiracy.com,3,1,0,1,0,0
thedailydefender.com,2,0,0,0,0,0
thedailyliberator.com,2,0,0,0,0,0
thedailymash.co.uk,NaN,0,0,0,0,1
thedailymire.com,NaN,0,0,0,0,1
thedailysheeple.com,3,1,0,1,0,0
thedailyshow.com,-1,0,0,0,0,0
thedailyvox.co.za,-2,0,0,0,0,0
theday.com,0,0,0,0,0,0
thedcgazette.com,3,1,0,0,0,0
thedeplorablesociety.com,3,1,0,0,0,0
thediplomat.com,0,0,0,0,0,0
thedispatch.com,1,0,0,0,0,0
thedodo.com,-2,0,0,0,0,0
theduran.com,3,1,1,0,0,0
theecjournal.com,1,0,0,0,0,0
theepochtimes.com,2,0,1,0,0,0
theestablishment.co,-2,0,0,0,0,0
thefederalist.com,2,0,0,0,0,0
thefederalistpapers.org,3,1,0,0,0,0
thefifthcolumnnews.com,-2,0,0,0,0,0
thefiscaltimes.com,1,0,0,0,0,0
theflipside.io,0,0,0,0,0,0
thefloridasqueeze.com,-2,0,0,0,0,0
thefreepatriot.org,3,1,0,0,0,0
thefreethoughtproject.com,NaN,1,0,1,0,0
thefrisky.com,-2,0,0,0,0,0
thegatewaypundit.com,2,1,0,0,0,0
thegazette.com,1,0,0,0,0,0
theglobeandmail.com,0,0,0,0,0,0
thegoodlordabove.com,-3,1,0,0,0,0
thegreggjarrett.com,2,0,0,0,0,0
thegrio.com,-2,0,0,0,0,0
theguardian.com,-1,0,0,0,0,0
theguardiansofdemocracy.com,-2,0,0,0,0,0
thehardtimes.net,NaN,0,0,0,0,1
thehayride.com,2,0,0,0,0,0
theheartysoul.com,NaN,1,0,1,0,0
thehighwire.com,NaN,1,0,1,0,0
thehill.com,0,0,0,0,0,0
thehilltalk.com,-1,0,0,0,0,0
thehindubusinessline.com,1,0,0,0,0,0
thehornnews.com,3,1,0,0,0,0
thehumanist.com,0,0,0,0,0,0
theihs.org,1,0,0,0,0,0
theimaginativeconservative.org,2,0,0,0,0,0
theimproper.com,-2,0,0,0,0,0
theindyonline.com,0,0,0,0,0,0
theintercept.com,-2,0,0,0,0,0
theitem.com,1,0,0,0,0,0
thejacknews.com,1,0,0,0,0,0
thejakartapost.com,-1,0,0,0,0,0
thejournal.ie,0,0,0,0,0,0
thejustice.org,-1,0,0,0,0,0
thelancet.com,0,0,0,0,0,0
thelapine.ca,NaN,0,0,0,0,1
thelapost.com,3,1,0,0,0,0
thelasource.com,-2,0,0,0,0,0
thelastlineofdefense.org,NaN,0,0,0,0,1
thelaughclub.net,NaN,1,0,0,0,0
theledger.com,1,0,0,0,0,0
thelibertarianrepublic.com,1,0,0,0,0,0
thelibertybeacon.com,3,1,0,1,0,0
thelibertyeagle.com,3,1,0,0,0,0
thelily.com,-2,0,0,0,0,0
thelist.com,-1,0,0,0,0,0
thelocal.no,-1,0,0,0,0,0
thelondoneconomic.com,-2,0,0,0,0,0
them.us,-2,0,0,0,0,0
themarshallproject.org,0,0,0,0,0,0
themarysue.com,-2,0,0,0,0,0
themilitant.com,-2,0,0,0,0,0
themillenniumreport.com,3,1,0,0,0,0
themilreview.com,2,0,0,0,0,0
themindunleashed.com,3,1,0,1,0,0
themoderatedmedia.com,0,0,0,0,0,0
themoderatevoice.com,-1,0,0,0,0,0
themonitor.com,0,0,0,0,0,0
themonthly.com.au,-2,0,0,0,0,0
themoscowtimes.com,-1,0,0,0,0,0
thenation.com,-2,0,0,0,0,0
thenational.ae,3,1,0,0,0,0
thenationalpatriot.com,3,1,0,0,0,0
thenationalpulse.com,2,1,0,0,0,0
theness.com,0,0,0,0,0,0
thenevadaindependent.com,0,0,0,0,0,0
thenewamerican.com,2,0,0,0,0,0
thenewatlantis.com,1,0,0,0,0,0
thenewcivilrightsmovement.com,-2,0,0,0,0,0
thenewrevere.com,2,0,0,0,0,0
thenews.com.pk,0,0,0,0,0,0
thenews.mx,0,0,0,0,0,0
thenewsliteracyproject.org,0,0,0,0,0,0
thenewstribune.com,-1,0,0,0,0,0
thenewtropic.com,-1,0,0,0,0,0
thenewyorkevening.com,3,1,0,0,0,0
thenextweb.com,-1,0,0,0,0,0
theobjectivestandard.com,1,0,0,0,0,0
theodysseyonline.com,-1,0,0,0,0,0
theohiostar.com,2,0,0,0,0,0
theolympian.com,-1,0,0,0,0,0
theonion.com,-1,0,0,0,0,1
theoswatch.com,-2,0,0,0,0,0
theoutline.com,-2,0,0,0,0,0
thepeoplescube.com,NaN,0,0,0,0,1
thepeoplestruth.com,3,1,0,0,0,0
thepoliticalbrief.com,3,1,0,0,0,0
thepoliticalinsider.com,3,1,1,0,0,0
thepolitics.online,3,1,0,0,0,0
thepostemail.com,3,1,0,0,0,0
thepostmillennial.com,2,0,0,0,0,0
thepremiumnews.com,3,1,0,0,0,0
theproudliberal.org,-3,1,1,0,0,0
thepublicdiscourse.com,3,1,0,0,1,0
thequint.com,1,0,0,0,0,0
theracketreport.com,NaN,0,0,0,0,1
therantidote.com,2,0,0,0,0,0
therealnews.com,-2,0,0,0,0,0
therealstrategy.com,2,0,0,0,0,0
theredelephants.com,3,1,0,0,1,0
theredshtick.com,NaN,0,0,0,0,1
theregister.co.uk,0,0,0,0,0,0
thereisnews.com,NaN,0,0,0,0,1
thereligionofpeace.com,3,1,0,0,1,0
therepublic.com,0,0,0,0,0,0
therepublicannews.com,0,0,0,0,0,0
theresurgent.com,2,0,0,0,0,0
therightists.com,NaN,1,0,0,0,0
therightscoop.com,2,0,0,0,0,0
therightstuff.biz,3,1,0,0,1,0
theringer.com,-1,0,0,0,0,0
theroot.com,-2,0,0,0,0,0
therundownlive.com,3,1,0,1,0,0
thesaturdaypaper.com.au,-1,0,0,0,0,0
thesciencepost.com,NaN,0,0,0,0,1
thescinewsreporter.com,NaN,1,0,0,0,0
theshovel.com.au,NaN,0,0,0,0,1
theskimm.com,-1,0,0,0,0,0
thesmokinggun.com,1,0,0,0,0,0
thesorrentino.com,1,0,0,0,0,0
thesouthern.com,0,0,0,0,0,0
thespectator.info,3,1,1,0,0,0
thespoof.com,NaN,0,0,0,0,1
thestar.com,-1,0,0,0,0,0
thestarphoenix.com,1,0,0,0,0,0
thestate.com,-1,0,0,0,0,0
thesternfacts.com,-2,0,0,0,0,0
thestranger.com,-1,0,0,0,0,0
thestrategybridge.org,0,0,0,0,0,0
thestreet.com,1,0,0,0,0,0
thesun.co.uk,2,0,0,0,0,0
thesunmagazine.org,-1,0,0,0,0,0
thetab.com,-1,0,0,0,0,0
thetandd.com,0,0,0,0,0,0
thetexan.news,1,0,0,0,0,0
thetimes.co.uk,1,0,0,0,0,0
thetimesherald.com,1,0,0,0,0,0
thetowntalk.com,0,0,0,0,0,0
thetrace.org,-1,0,0,0,0,0
thetrumpet.com,3,1,0,1,0,0
thetrumpmedia.com,3,1,0,0,0,0
thetruthaboutcancer.com,NaN,1,0,1,0,0
thetruthaboutguns.com,2,0,0,0,0,0
thetruthdivision.com,3,1,0,0,0,0
thetruthseeker.co.uk,NaN,1,0,1,0,0
thetyee.ca,-1,0,0,0,0,0
theunionjournal.com,NaN,1,0,0,0,0
theuspatriot.com,3,1,0,0,0,0
thevarsity.ca,-1,0,0,0,0,0
theverge.com,-1,0,0,0,0,0
theviralpatriot.com,3,1,0,0,0,0
thewalrus.ca,-2,0,0,0,0,0
thewashingtonpundit.com,3,1,1,0,0,0
thewashingtonreporter.com,3,1,0,0,0,0
thewashingtonsentinel.com,3,1,0,0,0,0
theweek.co.uk,-1,0,0,0,0,0
theweek.com,-1,0,0,0,0,0
thewest.com.au,1,0,0,0,0,0
thewhim.com,0,0,0,0,0,0
thewire.in,-1,0,0,0,0,0
thewrap.com,-1,0,0,0,0,0
thinkamericana.com,3,1,0,0,0,0
thinkingmomsrevolution.com,NaN,1,0,1,0,0
thinkprogress.org,-2,0,0,0,0,0
thirdway.org,0,0,0,0,0,0
this.org,-2,0,0,0,0,0
thisisthezerohour.com,-1,0,0,0,0,0
thoughtcatalog.com,NaN,1,0,1,0,0
thoughtco.com,0,0,0,0,0,0
thoughtcrimeradio.net,NaN,1,0,1,0,0
thrillist.com,-1,0,0,0,0,0
thrivemovement.com,NaN,1,0,1,0,0
time.com,-1,0,0,0,0,0
timeline.com,-1,0,0,0,0,0
times.com.mx,NaN,0,0,0,0,1
timescall.com,-1,0,0,0,0,0
timescolonist.com,-1,0,0,0,0,0
timesfreepress.com,0,0,0,0,0,0
timesheadline.com,-1,0,0,0,0,0
timeslive.co.za,1,0,0,0,0,0
timesofindia.indiatimes.com,1,0,0,0,0,0
timesofisrael.com,-1,0,0,0,0,0
timesofsandiego.com,0,0,0,0,0,0
timespolice.com,3,1,0,0,0,0
timesunion.com,-1,0,0,0,0,0
tittletattle365.com,NaN,0,0,0,0,1
tmn.today,3,1,0,0,0,0
tmz.com,-1,0,0,0,0,0
tnonline.com,1,0,0,0,0,0
today.com,-1,0,0,0,0,0
todaydispatch.com,3,1,0,0,0,0
todayifoundout.com,0,0,0,0,0,0
toinformistoinfluence.com,-1,0,0,0,0,0
toledoblade.com,1,0,0,0,0,0
tomdispatch.com,-1,0,0,0,0,0
toofab.com,-3,1,0,0,0,0
toprightnews.com,3,1,0,0,0,0
toptopic.club,3,1,0,0,0,0
torontosun.com,2,0,0,0,0,0
towleroad.com,-2,0,0,0,0,0
townhall.com,2,1,0,0,0,0
tplnews.com,-3,1,0,0,0,0
transequality.org,-1,0,0,0,0,0
transparency.org,0,0,0,0,0,0
transpartisanreview.com,0,0,0,0,0,0
treehugger.com,-2,0,0,0,0,0
trendingpolitics.com,3,1,0,0,0,0
tri-cityherald.com,0,0,0,0,0,0
trib.com,0,0,0,0,0,0
triblive.com,1,0,0,0,0,0
tribunecontentagency.com,0,0,0,0,0,0
tribunemagazine.org,-2,0,0,0,0,0
tribunist.com,2,0,0,0,0,0
triggerreset.net,3,1,0,0,1,0
trofire.com,-2,0,0,0,0,0
trtworld.com,3,0,1,0,0,0
trueactivist.com,-3,1,0,0,0,0
truebluescoop.com,-3,1,0,0,0,0
truepundit.com,3,1,0,1,0,0
trueviralnews.com,NaN,1,0,0,0,0
trump.news,3,1,0,0,0,0
trumpservativenews.info,3,1,0,0,0,0
trumptrainnews.com,3,1,0,0,0,0
trunews.com,NaN,1,0,1,0,0
truth-out.org,-1,0,0,0,0,0
truthagainstthemachine.com,-2,0,0,0,0,0
truthandaction.org,3,1,1,0,0,0
truthbang.net,NaN,0,0,0,0,1
truthbetold.news,0,0,0,0,0,0
truthbrary.org,NaN,0,0,0,0,1
truthdig.com,-2,0,0,0,0,0
truthexam.com,-3,1,0,0,0,0
truthfeednews.com,3,1,0,0,0,0
truthinmedia.com,3,1,0,0,0,0
truthmonitor.com,3,1,0,0,0,0
truthorfiction.com,0,0,0,0,0,0
truthout.org,-2,0,0,0,0,0
truthrevolt.org,3,1,0,0,0,0
truthsetter.com,0,0,0,0,0,0
truththeory.com,-2,0,0,0,0,0
truthuncensored.net,3,1,1,0,0,0
tucson.com,-1,0,0,0,0,0
tulsaworld.com,1,0,0,0,0,0
turningpoint.news,3,1,0,0,0,0
tvw.org,0,0,0,0,0,0
twincities.com,-1,0,0,0,0,0
twisted.news,3,1,0,1,0,0
twitchy.com,2,0,0,0,0,0
tytnetwork.com,-2,0,0,0,0,0
uawire.org,-1,0,0,0,0,0
ucsusa.org,-1,0,0,0,0,0
uft.org,-1,0,0,0,0,0
ukcolumn.org,3,1,0,1,0,0
undark.org,0,0,0,0,0,0
undergroundjournalist.org,-3,1,0,0,0,0
undergroundnewsreport.com,NaN,0,0,0,0,1
understandingthethreat.com,3,1,0,0,1,0
understandrealitythroughscience.blogspot.com,0,0,0,0,0,0
unicornriot.ninja,-1,0,0,0,0,0
unionleader.com,1,0,0,0,0,0
uniquewebmagazine.com,3,1,0,0,0,0
unitynewsnetwork.co.uk,2,0,0,0,0,0
universepolitics.com,3,1,0,0,0,0
universetoday.com,0,0,0,0,0,0
universitybusiness.com,-1,0,0,0,0,0
univision.com,-1,0,0,0,0,0
unwatch.org,2,0,0,0,0,0
unz.com,3,1,0,0,1,0
updateamerica.com,2,0,0,0,0,0
upi.com,0,0,0,0,0,0
upr.org,-1,0,0,0,0,0
uproxx.com,-2,0,0,0,0,0
upworthy.com,-2,0,0,0,0,0
urban.org,-1,0,0,0,0,0
us.blastingnews.com,0,0,0,0,0,0
usa-conservative.com,3,1,0,0,0,0
usa-television.com,NaN,1,0,0,0,0
usaconservativereport.com,3,1,0,0,0,0
usadailypost.us,3,1,1,0,0,0
usadosenews.com,3,1,0,0,0,0
usafacts.org,0,0,0,0,0,0
usafirstinformation.com,3,1,0,0,0,0
usafortrumponline.com,3,1,0,0,0,0
usahitman.com,3,1,0,1,0,0
usainfront.com,3,1,0,0,0,0
usaisonline.com,3,1,0,0,0,0
usanetwork.info,3,1,0,0,0,0
usanews4u.us,-3,1,0,0,0,0
usanewsflash.com,3,1,0,0,0,0
usanewstoday.org,3,1,0,0,0,0
usapoliticstoday.com,2,0,0,0,0,0
usapubliclife.com,3,1,0,0,0,0
usareally.com,3,1,1,0,0,0
usaspending.gov,0,0,0,0,0,0
usasupreme.com,3,1,0,0,0,0
usatoday.com,0,0,0,0,0,0
usawatchdog.com,3,1,0,1,0,0
usaworldbox.com,3,1,0,0,0,0
usbacklash.org,3,1,1,0,0,0
uschronicle.com,NaN,0,0,0,0,0
usforacle.com,0,0,0,0,0,0
ushealthyadvisor.com,3,1,0,0,0,0
usinfonews.com,3,1,0,0,0,0
usjournalreview.com,3,1,0,0,0,0
uslibertywire.club,3,1,1,0,0,0
uslibertywire.com,3,1,0,0,0,0
usnationalnews.org,-3,1,0,0,0,0
usnews.com,-1,0,0,0,0,0
uspoln.com,NaN,0,0,0,0,1
uspostman.com,3,1,0,0,0,0
usrightleft.com,3,1,0,0,0,0
ussanews.com,2,0,0,0,0,0
uticaod.com,-1,0,0,0,0,0
vaccineimpact.com,NaN,1,0,1,0,0
vaccines.news,3,1,0,1,0,0
vaccinesrevealed.com,NaN,1,0,1,0,0
vactruth.com,NaN,1,0,1,0,0
valleynewslive.com,1,0,0,0,0,0
valuewalk.com,1,0,0,0,0,0
vancouversun.com,1,0,0,0,0,0
vanityfair.com,-2,0,0,0,0,0
variety.com,-1,0,0,0,0,0
vaxopedia.org,0,0,0,0,0,0
vaxxter.com,NaN,1,0,1,0,0
vdare.com,3,1,0,0,1,0
verafiles.org,0,0,0,0,0,0
verifiedpolitics.com,-2,0,0,0,0,0
vermontindependent.org,-2,0,0,0,0,0
verrit.com,-2,0,0,0,0,0
verywell.com,0,0,0,0,0,0
vesselnews.io,2,0,0,0,0,0
veteranstoday.com,NaN,1,1,1,0,0
vice.com,-1,0,0,0,0,0
victoriaadvocate.com,-1,0,0,0,0,0
vidmax.com,3,1,0,0,0,0
vigilantcitizen.com,NaN,1,0,1,0,0
villagevoice.com,-2,0,0,0,0,0
vindy.com,0,0,0,0,0,0
viralactions.com,NaN,0,0,0,0,1
viralcocaine.com,NaN,1,0,0,0,0
viralcords.com,NaN,0,0,0,0,1
viraldevil.com,NaN,0,0,0,0,1
viralhatch.com,NaN,1,0,0,0,0
viralliberty.com,3,1,0,0,0,0
viralnewsnetwork.net,NaN,1,0,1,0,0
viralthread.com,0,0,0,0,0,0
viraltitle.com,-2,0,0,0,0,0
virginiamercury.com,0,0,0,0,0,0
vivaliberty.com,2,0,0,0,0,0
voanews.com,0,0,0,0,0,0
vocativ.com,0,0,0,0,0,0
voiceofeurope.com,3,1,0,0,1,0
voiceofsandiego.org,0,0,0,0,0,0
volanteonline.com,0,0,0,0,0,0
volkskrant.nl,1,0,0,0,0,0
vosizneias.com,0,0,0,0,0,0
vote.us.org,-2,0,0,0,0,0
votevets.org,-1,0,0,0,0,0
vox.com,-2,0,0,0,0,0
vtdigger.org,-1,0,0,0,0,0
vulture.com,-1,0,0,0,0,0
wacotrib.com,0,0,0,0,0,0
wakeuptopolitics.com,0,0,0,0,0,0
wakingtimes.com,NaN,1,0,1,0,0
walesonline.co.uk,-1,0,0,0,0,0
walkwithher.com,-3,1,0,0,0,0
wallbuilders.com,3,1,0,0,0,0
wallstreetonparade.com,-1,0,0,0,0,0
warontherocks.com,0,0,0,0,0,0
washingtonbabylon.com,-2,0,0,0,0,0
washingtonblade.com,-1,0,0,0,0,0
washingtondailywire.com,-2,0,0,0,0,0
washingtonexaminer.com,2,0,0,0,0,0
washingtonfeed.com,3,1,0,0,0,0
washingtonian.com,-2,0,0,0,0,0
washingtoninstitute.org,1,0,0,0,0,0
washingtonmonthly.com,-1,0,0,0,0,0
washingtonpost.com,-1,0,0,0,0,0
washingtonpress.com,-2,0,0,0,0,0
washingtonsources.org,-2,0,0,0,0,0
washingtontimes.com,2,1,0,0,0,0
watchdog.org,1,0,0,0,0,0
watchers.news,0,0,0,0,0,0
waterfordwhispersnews.com,NaN,0,0,0,0,1
wattsupwiththat.com,3,1,0,1,0,0
waynedupree.com,3,1,0,0,0,0
wcfcourier.com,0,0,0,0,0,0
wearechange.org,NaN,1,0,1,0,0
wearethemighty.com,0,0,0,0,0,0
wearyourvoicemag.com,-2,0,0,0,0,0
weaselzippers.us,2,0,0,0,0,0
web.randi.org,0,0,0,0,0,0
webdaily.com,3,1,0,0,0,0
webmd.com,0,0,0,0,0,0
weconservative.com,3,1,0,0,0,0
weeklystandard.com,2,0,0,0,0,0
weforum.org,0,0,0,0,0,0
wehuntedthemammoth.com,-2,0,0,0,0,0
welt.de,1,0,0,0,0,0
westernfreepress.com,2,0,0,0,0,0
westernjournal.com,3,1,0,0,0,0
westernjournalism.com,2,0,0,0,0,0
westernmassnews.com,-1,0,0,0,0,0
westernsentinel.com,3,1,0,0,0,0
westmonster.com,2,0,0,0,0,0
westword.com,-1,0,0,0,0,0
wethepeopledaily.com,3,1,1,0,0,0
wfae.org,0,0,0,0,0,0
wgntv.com,-1,0,0,0,0,0
whale.to,NaN,1,0,1,0,0
whatdoesitmean.com,NaN,1,0,1,0,0
whatfinger.com,2,0,0,0,0,0
whatmattersnews.com,-2,0,0,0,0,0
whatreallyhappened.com,NaN,1,0,1,0,0
whatstheharm.net,NaN,1,0,0,0,0
whistleblower.org,-1,0,0,0,0,0
whitehouse.gov,2,0,0,0,0,0
whitehousewatch.com,-2,0,0,0,0,0
who.int,0,0,0,0,0,0
whowhatwhy.org,-2,0,0,0,0,0
wikiislam.net,NaN,1,0,0,0,0
wikileaks.org,-1,0,0,0,0,0
wikipedia.org,0,0,0,0,0,0
wikispooks.com,NaN,1,0,1,0,0
wikitribune.com,0,0,0,0,0,0
wilderness.org,-1,0,0,0,0,0
wilsoncenter.org,-1,0,0,0,0,0
winchesterstar.com,1,0,0,0,0,0
windsorstar.com,1,0,0,0,0,0
wingsoverscotland.com,-1,0,0,0,0,0
winningdemocrats.com,-3,1,0,0,0,0
winonadailynews.com,0,0,0,0,0,0
wionews.com,0,0,0,0,0,0
wired.com,0,0,0,0,0,0
wisconsingazette.com,-1,0,0,0,0,0
witscience.org,NaN,0,0,0,0,1
wn.com,0,0,0,0,0,0
wnd.com,2,1,0,0,0,0
wnyc.org,-1,0,0,0,0,0
wokennews.com,NaN,0,0,0,0,1
wokesloth.com,-3,1,0,0,0,0
wonkette.com,-2,0,0,0,0,0
workers.org,-2,0,0,0,0,0
world.wng.org,2,0,0,0,0,0
worldaffairsbrief.com,NaN,1,0,1,0,0
worldcantwait.net,-2,0,0,0,0,0
worldcrunch.com,-1,0,0,0,0,0
worldhealth.net,NaN,1,0,1,0,0
worldnewsdailyreport.com,NaN,0,0,0,0,1
worldnewspolitics.com,3,1,0,0,0,0
worldometers.info,0,0,0,0,0,0
worldpolicy.org,-1,0,0,0,0,0
worldpoliticsreview.com,-1,0,0,0,0,0
worldpopulationreview.com,0,0,0,0,0,0
worldpress.org,0,0,0,0,0,0
worldsocialism.org,-2,0,0,0,0,0
worldstarhiphop.com,-3,1,0,0,0,0
worldtribune.com,3,1,0,0,0,0
worldtruth.tv,3,1,0,1,0,0
wral.com,0,0,0,0,0,0
wri.org,0,0,0,0,0,0
wsaz.com,0,0,0,0,0,0
wsj.com,1,0,0,0,0,0
wsvn.com,-1,0,0,0,0,0
wsws.org,-2,0,0,0,0,0
wtop.com,0,0,0,0,0,0
wvgazettemail.com,-1,0,0,0,0,0
x22report.com,3,1,0,1,0,0
xinhuanet.com,-1,0,0,0,0,0
yaf.org,2,0,0,0,0,0
yahoo.com,-1,0,0,0,0,0
yaleglobal.yale.edu,-1,0,0,0,0,0
yankeeinstitute.org,1,0,0,0,0,0
yc.news,3,1,0,0,0,0
ydr.com,-1,0,0,0,0,0
yellowhammernews.com,2,0,0,0,0,0
yesimright.com,3,1,0,0,0,0
yesmagazine.org,-2,0,0,0,0,0
ynetnews.com,-1,0,0,0,0,0
yomiuri.co.jp,1,0,0,0,0,0
yorkdispatch.com,-1,0,0,0,0,0
yourblackworld.net,-2,0,0,0,0,0
yournewsnet.com,0,0,0,0,0,0
youthradio.org,-1,0,0,0,0,0
youthrights.org,-1,0,0,0,0,0
zcomm.org,-2,0,0,0,0,0
zdf.de,0,0,0,0,0,0
zdnet.com,0,0,0,0,0,0
zebrafactcheck.com,1,0,0,0,0,0
zeit.de,-1,0,0,0,0,0
zerohedge.com,2,1,0,1,0,0
zmescience.com,0,0,0,0,0,0
zootfeed.com,3,1,0,0,0,0
arte.tv,-1,0,0,0,0,0
berliner-zeitung.de,-1,0,0,0,0,0
blackamericaweb.com,-2,0,0,0,0,0
blackmainstreet.net,-2,0,0,0,0,0
bluelivesmatter.blue,2,0,0,0,0,0
chinapost.nownews.com,-1,0,0,0,0,0
clarionledger.com,-1,0,0,0,0,0
dailycamera.com,0,0,0,0,0,0
davidharrisjr.com,3,1,0,0,0,0
delo.si,-1,0,0,0,0,0
deutschland.de,1,0,0,0,0,0
english.cctv.com,-3,1,0,0,0,0
fabiosa.com,-3,1,0,1,0,0
faithit.com,3,1,0,1,0,0
fitchratings.com,1,0,0,0,0,0
healthdata.org,0,0,0,0,0,0
ijr.org,0,0,0,0,0,0
innerstrength.zone,NaN,1,0,0,0,0
kiro7.com,0,0,0,0,0,0
kstp.com,0,0,0,0,0,0
lancasteronline.com,0,0,0,0,0,0
lubbockonline.com,1,0,0,0,0,0
misinforeview.hks.harvard.edu,0,0,0,0,0,0
newdiscourses.com,0,0,0,0,0,0
nordicmonitor.com,-3,1,1,0,0,0
organicconsumers.org,-3,1,0,1,0,0
patriotreport.com,3,1,0,0,0,0
philadelphia.cbslocal.com,0,0,0,0,0,0
rocketnews.com,-1,0,0,0,0,0
scoperatings.com,1,0,0,0,0,0
scriberrnews.com,1,0,0,0,0,0
sohu.com,-3,1,1,0,0,0
sunherald.com,0,0,0,0,0,0
thinkinghumanity.com,NaN,1,0,1,0,0
toddstarnes.com,3,1,0,0,0,0
twitter.com,0,0,0,0,0,0
wctrib.com,1,0,0,0,0,0
westonaprice.org,NaN,1,0,1,0,0
aapsonline.org,3,1,0,0,0,0
abc7chicago.com,0,0,0,0,0,0
alt-market.com,NaN,1,0,1,0,0
ama-assn.org,0,0,0,0,0,0
biodefense.com,3,1,0,1,0,0
blacknews.com,-3,1,0,0,0,0
blockclubchicago.org,-2,0,0,0,0,0
breakingchristiannews.com,3,1,0,0,0,0
breakingwide.com,3,1,0,0,0,0
bugout.news,3,1,0,1,0,0
caixinglobal.com,3,1,1,0,0,0
cancer.news,3,1,0,1,0,0
chlorellafactor.com,3,1,0,1,0,0
climate.news,3,1,0,1,0,0
collapse.news,3,1,0,1,0,0
consumerwellness.org,3,1,0,1,0,0
counterthink.com,3,1,0,1,0,0
dailybreeze.com,0,0,0,0,0,0
fayobserver.com,0,0,0,0,0,0
femalista.com,-3,1,0,0,0,0
food.news,3,1,0,1,0,0
freedom.news,3,1,0,1,0,0
geoengineering.news,3,1,0,1,0,0
gucmakale.com,-3,1,0,0,0,0
healingfoodreference.com,3,1,0,1,0,0
health.news,3,1,0,1,0,0
iefimerida.gr,1,0,0,0,0,0
indiatoday.in,1,0,0,0,0,0
lufkindailynews.com,0,0,0,0,0,0
nationalrighttolifenews.org,3,1,0,0,0,0
nrlc.org,3,1,0,0,0,0
nwaonline.com,1,0,0,0,0,0
ourhealthguides.com,NaN,1,0,1,0,0
overpassesforamerica.com,3,1,0,0,0,0
pasadenastarnews.com,0,0,0,0,0,0
polipace.com,-3,1,0,0,0,0
presstelegram.com,0,0,0,0,0,0
prntly.com,3,1,0,0,0,0
protothema.gr,3,1,0,0,0,0
pubmed.ncbi.nlm.nih.gov,0,0,0,0,0,0
recordnet.com,0,0,0,0,0,0
redlandsdailyfacts.com,0,0,0,0,0,0
refinery29.com,-2,0,0,0,0,0
reporterherald.com,0,0,0,0,0,0
rightwingtribune.com,3,1,0,0,0,0
sgvtribune.com,0,0,0,0,0,0
technocracy.news,3,1,0,1,0,0
thefreedomtimes.com,3,1,0,0,0,0
thehindu.com,-1,0,0,0,0,0
thejeffreylord.com,2,0,0,0,0,0
tut.by,0,0,0,0,0,0
vibe.com,-1,0,0,0,0,0
wtae.com,0,0,0,0,0,0
actionnewsjax.com,0,0,0,0,0,0
americanpeopledaily.com,3,1,0,0,0,0
americasfrontlinedoctors.com,3,1,0,1,0,0
anonhq.com,3,1,0,1,0,0
boldprogressives.org,-2,0,0,0,0,0
breakingfirst.com,3,1,0,0,0,0
columbiamissourian.com,0,0,0,0,0,0
dailycitizen.focusonthefamily.com,2,0,0,0,0,0
diepresse.com,1,0,0,0,0,0
edmontonexaminer.com,1,0,0,0,0,0
floridapolitics.com,0,0,0,0,0,0
gaia.com,3,1,0,1,0,0
healthranger.com,3,1,0,1,0,0
healthrangerreport.com,3,1,0,1,0,0
herbreference.com,3,1,0,1,0,0
ieee.org,0,0,0,0,0,0
ingredients.news,3,1,0,1,0,0
issuesinsights.com,2,0,0,0,0,0
katu.com,1,0,0,0,0,0
kenoshanews.com,0,0,0,0,0,0
kwch.com,0,0,0,0,0,0
liberty.news,3,1,0,1,0,0
libtards.news,3,1,0,1,0,0
meidastouch.com,-2,0,0,0,0,0
nationalsecurity.news,3,1,0,1,0,0
naturalmedicine.news,3,1,0,1,0,0
naturalnewsblogs.com,3,1,0,1,0,0
naturalnewsradio.com,3,1,0,1,0,0
naturalpedia.com,3,1,0,1,0,0
newsbreak.com,-1,0,0,0,0,0
nj1015.com,1,0,0,0,0,0
nutrientreference.com,3,1,0,1,0,0
outragedpatriot.com,3,1,0,0,0,0
patriots4truth.org,3,1,0,1,0,0
sciencetimes.com,3,1,0,0,0,0
seventeen.com,-2,0,0,0,0,0
southbendtribune.com,0,0,0,0,0,0
stateofthenation.co,3,1,0,0,0,0
themideastbeast.com,NaN,0,0,0,0,1
turnto23.com,0,0,0,0,0,0
uniteamericafirst.com,3,1,0,0,0,0
wfmz.com,0,0,0,0,0,0
womenarehuman.com,3,1,0,0,1,0
wusa9.com,0,0,0,0,0,0
12newsnow.com,0,0,0,0,0,0
13newsnow.com,0,0,0,0,0,0
agdaily.com,0,0,0,0,0,0
bdnews24.com,-3,1,0,0,0,0
bitchute.com,3,1,0,0,1,0
campusinsanity.com,3,1,0,1,0,0
clickondetroit.com,0,0,0,0,0,0
dcgazette.com,3,1,0,0,0,0
dnyuz.com,3,1,0,0,0,0
donaldjtrump.com,2,0,0,0,0,0
electroverse.net,NaN,1,0,1,0,0
fool.com,-1,0,0,0,0,0
idahostatejournal.com,1,0,0,0,0,0
leavenworthtimes.com,-1,0,0,0,0,0
militarist-monitor.org,-1,0,0,0,0,0
myfox8.com,0,0,0,0,0,0
nationalistreview.net,3,1,0,0,1,0
nationalpolicy.institute,3,1,0,0,1,0
ncnewsonline.com,-1,0,0,0,0,0
newschannel5.com,0,0,0,0,0,0
peacedata.net,NaN,1,0,0,0,0
pittsburgh.cbslocal.com,0,0,0,0,0,0
pollution.news,3,1,0,1,0,0
revolver.news,3,1,0,0,0,0
science.news,3,1,0,1,0,0
stamfordadvocate.com,-1,0,0,0,0,0
supplementreference.com,3,1,0,1,0,0
talknetwork.com,3,1,0,1,0,0
themaneater.com,-1,0,0,0,0,0
theminnesotasun.com,2,0,0,0,0,0
torontotoday.net,-3,1,0,0,0,0
washingtonspectator.org,-2,0,0,0,0,0
wcax.com,0,0,0,0,0,0
whittierdailynews.com,0,0,0,0,0,0